-- phpMyAdmin SQL Dump
-- version 4.7.4
-- https://www.phpmyadmin.net/
--
-- Host: 127.0.0.1
-- Generation Time: May 17, 2021 at 04:37 PM
-- Server version: 10.1.29-MariaDB
-- PHP Version: 7.2.0

SET SQL_MODE = "NO_AUTO_VALUE_ON_ZERO";
SET AUTOCOMMIT = 0;
START TRANSACTION;
SET time_zone = "+00:00";


/*!40101 SET @OLD_CHARACTER_SET_CLIENT=@@CHARACTER_SET_CLIENT */;
/*!40101 SET @OLD_CHARACTER_SET_RESULTS=@@CHARACTER_SET_RESULTS */;
/*!40101 SET @OLD_COLLATION_CONNECTION=@@COLLATION_CONNECTION */;
/*!40101 SET NAMES utf8mb4 */;

--
-- Database: `recommender`
--

-- --------------------------------------------------------

--
-- Table structure for table `auth_group`
--

CREATE TABLE `auth_group` (
  `id` int(11) NOT NULL,
  `name` varchar(150) NOT NULL
) ENGINE=InnoDB DEFAULT CHARSET=latin1;

-- --------------------------------------------------------

--
-- Table structure for table `auth_group_permissions`
--

CREATE TABLE `auth_group_permissions` (
  `id` int(11) NOT NULL,
  `group_id` int(11) NOT NULL,
  `permission_id` int(11) NOT NULL
) ENGINE=InnoDB DEFAULT CHARSET=latin1;

-- --------------------------------------------------------

--
-- Table structure for table `auth_permission`
--

CREATE TABLE `auth_permission` (
  `id` int(11) NOT NULL,
  `name` varchar(255) NOT NULL,
  `content_type_id` int(11) NOT NULL,
  `codename` varchar(100) NOT NULL
) ENGINE=InnoDB DEFAULT CHARSET=latin1;

--
-- Dumping data for table `auth_permission`
--

INSERT INTO `auth_permission` (`id`, `name`, `content_type_id`, `codename`) VALUES
(1, 'Can add log entry', 1, 'add_logentry'),
(2, 'Can change log entry', 1, 'change_logentry'),
(3, 'Can delete log entry', 1, 'delete_logentry'),
(4, 'Can view log entry', 1, 'view_logentry'),
(5, 'Can add permission', 2, 'add_permission'),
(6, 'Can change permission', 2, 'change_permission'),
(7, 'Can delete permission', 2, 'delete_permission'),
(8, 'Can view permission', 2, 'view_permission'),
(9, 'Can add group', 3, 'add_group'),
(10, 'Can change group', 3, 'change_group'),
(11, 'Can delete group', 3, 'delete_group'),
(12, 'Can view group', 3, 'view_group'),
(13, 'Can add user', 4, 'add_user'),
(14, 'Can change user', 4, 'change_user'),
(15, 'Can delete user', 4, 'delete_user'),
(16, 'Can view user', 4, 'view_user'),
(17, 'Can add content type', 5, 'add_contenttype'),
(18, 'Can change content type', 5, 'change_contenttype'),
(19, 'Can delete content type', 5, 'delete_contenttype'),
(20, 'Can view content type', 5, 'view_contenttype'),
(21, 'Can add session', 6, 'add_session'),
(22, 'Can change session', 6, 'change_session'),
(23, 'Can delete session', 6, 'delete_session'),
(24, 'Can view session', 6, 'view_session'),
(25, 'Can add course', 7, 'add_course'),
(26, 'Can change course', 7, 'change_course'),
(27, 'Can delete course', 7, 'delete_course'),
(28, 'Can view course', 7, 'view_course'),
(29, 'Can add likert', 8, 'add_likert'),
(30, 'Can change likert', 8, 'change_likert'),
(31, 'Can delete likert', 8, 'delete_likert'),
(32, 'Can view likert', 8, 'view_likert'),
(33, 'Can add opinion', 9, 'add_opinion'),
(34, 'Can change opinion', 9, 'change_opinion'),
(35, 'Can delete opinion', 9, 'delete_opinion'),
(36, 'Can view opinion', 9, 'view_opinion'),
(37, 'Can add survey', 10, 'add_survey'),
(38, 'Can change survey', 10, 'change_survey'),
(39, 'Can delete survey', 10, 'delete_survey'),
(40, 'Can view survey', 10, 'view_survey'),
(41, 'Can add surveyquestions', 11, 'add_surveyquestions'),
(42, 'Can change surveyquestions', 11, 'change_surveyquestions'),
(43, 'Can delete surveyquestions', 11, 'delete_surveyquestions'),
(44, 'Can view surveyquestions', 11, 'view_surveyquestions'),
(45, 'Can add user', 12, 'add_user'),
(46, 'Can change user', 12, 'change_user'),
(47, 'Can delete user', 12, 'delete_user'),
(48, 'Can view user', 12, 'view_user'),
(49, 'Can add auth group', 13, 'add_authgroup'),
(50, 'Can change auth group', 13, 'change_authgroup'),
(51, 'Can delete auth group', 13, 'delete_authgroup'),
(52, 'Can view auth group', 13, 'view_authgroup'),
(53, 'Can add auth group permissions', 14, 'add_authgrouppermissions'),
(54, 'Can change auth group permissions', 14, 'change_authgrouppermissions'),
(55, 'Can delete auth group permissions', 14, 'delete_authgrouppermissions'),
(56, 'Can view auth group permissions', 14, 'view_authgrouppermissions'),
(57, 'Can add auth permission', 15, 'add_authpermission'),
(58, 'Can change auth permission', 15, 'change_authpermission'),
(59, 'Can delete auth permission', 15, 'delete_authpermission'),
(60, 'Can view auth permission', 15, 'view_authpermission'),
(61, 'Can add auth user', 16, 'add_authuser'),
(62, 'Can change auth user', 16, 'change_authuser'),
(63, 'Can delete auth user', 16, 'delete_authuser'),
(64, 'Can view auth user', 16, 'view_authuser'),
(65, 'Can add auth user groups', 17, 'add_authusergroups'),
(66, 'Can change auth user groups', 17, 'change_authusergroups'),
(67, 'Can delete auth user groups', 17, 'delete_authusergroups'),
(68, 'Can view auth user groups', 17, 'view_authusergroups'),
(69, 'Can add auth user user permissions', 18, 'add_authuseruserpermissions'),
(70, 'Can change auth user user permissions', 18, 'change_authuseruserpermissions'),
(71, 'Can delete auth user user permissions', 18, 'delete_authuseruserpermissions'),
(72, 'Can view auth user user permissions', 18, 'view_authuseruserpermissions'),
(73, 'Can add django admin log', 19, 'add_djangoadminlog'),
(74, 'Can change django admin log', 19, 'change_djangoadminlog'),
(75, 'Can delete django admin log', 19, 'delete_djangoadminlog'),
(76, 'Can view django admin log', 19, 'view_djangoadminlog'),
(77, 'Can add django content type', 20, 'add_djangocontenttype'),
(78, 'Can change django content type', 20, 'change_djangocontenttype'),
(79, 'Can delete django content type', 20, 'delete_djangocontenttype'),
(80, 'Can view django content type', 20, 'view_djangocontenttype'),
(81, 'Can add django migrations', 21, 'add_djangomigrations'),
(82, 'Can change django migrations', 21, 'change_djangomigrations'),
(83, 'Can delete django migrations', 21, 'delete_djangomigrations'),
(84, 'Can view django migrations', 21, 'view_djangomigrations'),
(85, 'Can add django session', 22, 'add_djangosession'),
(86, 'Can change django session', 22, 'change_djangosession'),
(87, 'Can delete django session', 22, 'delete_djangosession'),
(88, 'Can view django session', 22, 'view_djangosession');

-- --------------------------------------------------------

--
-- Table structure for table `auth_user`
--

CREATE TABLE `auth_user` (
  `id` int(11) NOT NULL,
  `password` varchar(128) NOT NULL,
  `last_login` datetime(6) DEFAULT NULL,
  `is_superuser` tinyint(1) NOT NULL,
  `username` varchar(150) NOT NULL,
  `first_name` varchar(150) NOT NULL,
  `last_name` varchar(150) NOT NULL,
  `email` varchar(254) NOT NULL,
  `is_staff` tinyint(1) NOT NULL,
  `is_active` tinyint(1) NOT NULL,
  `date_joined` datetime(6) NOT NULL
) ENGINE=InnoDB DEFAULT CHARSET=latin1;

--
-- Dumping data for table `auth_user`
--

INSERT INTO `auth_user` (`id`, `password`, `last_login`, `is_superuser`, `username`, `first_name`, `last_name`, `email`, `is_staff`, `is_active`, `date_joined`) VALUES
(1, 'pbkdf2_sha256$216000$AipGnKXEY6BH$2tTDfkRcTX2Ai24i7DClM2dnNLMoMkcB7UTqZMCEPVQ=', '2021-05-06 03:14:18.886016', 1, 'admin', '', '', 'eingelfigueroa20@gmail.com', 1, 1, '2021-05-06 03:13:17.639349');

-- --------------------------------------------------------

--
-- Table structure for table `auth_user_groups`
--

CREATE TABLE `auth_user_groups` (
  `id` int(11) NOT NULL,
  `user_id` int(11) NOT NULL,
  `group_id` int(11) NOT NULL
) ENGINE=InnoDB DEFAULT CHARSET=latin1;

-- --------------------------------------------------------

--
-- Table structure for table `auth_user_user_permissions`
--

CREATE TABLE `auth_user_user_permissions` (
  `id` int(11) NOT NULL,
  `user_id` int(11) NOT NULL,
  `permission_id` int(11) NOT NULL
) ENGINE=InnoDB DEFAULT CHARSET=latin1;

-- --------------------------------------------------------

--
-- Table structure for table `course`
--

CREATE TABLE `course` (
  `id` int(11) NOT NULL,
  `course_name` varchar(55) NOT NULL
) ENGINE=InnoDB DEFAULT CHARSET=utf8mb4;

--
-- Dumping data for table `course`
--

INSERT INTO `course` (`id`, `course_name`) VALUES
(1, 'HIS C101- Readings in Philippine History'),
(2, 'HIS C102- Readings in Philippine History II'),
(3, 'HIS C103- Readings in Philippine History III');

-- --------------------------------------------------------

--
-- Table structure for table `django_admin_log`
--

CREATE TABLE `django_admin_log` (
  `id` int(11) NOT NULL,
  `action_time` datetime(6) NOT NULL,
  `object_id` longtext,
  `object_repr` varchar(200) NOT NULL,
  `action_flag` smallint(5) UNSIGNED NOT NULL,
  `change_message` longtext NOT NULL,
  `content_type_id` int(11) DEFAULT NULL,
  `user_id` int(11) NOT NULL
) ENGINE=InnoDB DEFAULT CHARSET=latin1;

-- --------------------------------------------------------

--
-- Table structure for table `django_content_type`
--

CREATE TABLE `django_content_type` (
  `id` int(11) NOT NULL,
  `app_label` varchar(100) NOT NULL,
  `model` varchar(100) NOT NULL
) ENGINE=InnoDB DEFAULT CHARSET=latin1;

--
-- Dumping data for table `django_content_type`
--

INSERT INTO `django_content_type` (`id`, `app_label`, `model`) VALUES
(1, 'admin', 'logentry'),
(13, 'app', 'authgroup'),
(14, 'app', 'authgrouppermissions'),
(15, 'app', 'authpermission'),
(16, 'app', 'authuser'),
(17, 'app', 'authusergroups'),
(18, 'app', 'authuseruserpermissions'),
(7, 'app', 'course'),
(19, 'app', 'djangoadminlog'),
(20, 'app', 'djangocontenttype'),
(21, 'app', 'djangomigrations'),
(22, 'app', 'djangosession'),
(8, 'app', 'likert'),
(9, 'app', 'opinion'),
(10, 'app', 'survey'),
(11, 'app', 'surveyquestions'),
(12, 'app', 'user'),
(3, 'auth', 'group'),
(2, 'auth', 'permission'),
(4, 'auth', 'user'),
(5, 'contenttypes', 'contenttype'),
(6, 'sessions', 'session');

-- --------------------------------------------------------

--
-- Table structure for table `django_migrations`
--

CREATE TABLE `django_migrations` (
  `id` int(11) NOT NULL,
  `app` varchar(255) NOT NULL,
  `name` varchar(255) NOT NULL,
  `applied` datetime(6) NOT NULL
) ENGINE=InnoDB DEFAULT CHARSET=latin1;

--
-- Dumping data for table `django_migrations`
--

INSERT INTO `django_migrations` (`id`, `app`, `name`, `applied`) VALUES
(1, 'contenttypes', '0001_initial', '2021-04-09 02:45:03.082238'),
(2, 'auth', '0001_initial', '2021-04-09 02:45:05.294618'),
(3, 'admin', '0001_initial', '2021-04-09 02:45:16.549049'),
(4, 'admin', '0002_logentry_remove_auto_add', '2021-04-09 02:45:19.498584'),
(5, 'admin', '0003_logentry_add_action_flag_choices', '2021-04-09 02:45:19.565569'),
(6, 'app', '0001_initial', '2021-04-09 02:45:19.740668'),
(7, 'contenttypes', '0002_remove_content_type_name', '2021-04-09 02:45:21.330023'),
(8, 'auth', '0002_alter_permission_name_max_length', '2021-04-09 02:45:22.803995'),
(9, 'auth', '0003_alter_user_email_max_length', '2021-04-09 02:45:24.727901'),
(10, 'auth', '0004_alter_user_username_opts', '2021-04-09 02:45:24.820711'),
(11, 'auth', '0005_alter_user_last_login_null', '2021-04-09 02:45:25.384970'),
(12, 'auth', '0006_require_contenttypes_0002', '2021-04-09 02:45:25.447991'),
(13, 'auth', '0007_alter_validators_add_error_messages', '2021-04-09 02:45:25.501297'),
(14, 'auth', '0008_alter_user_username_max_length', '2021-04-09 02:45:26.716386'),
(15, 'auth', '0009_alter_user_last_name_max_length', '2021-04-09 02:45:27.789231'),
(16, 'auth', '0010_alter_group_name_max_length', '2021-04-09 02:45:29.011936'),
(17, 'auth', '0011_update_proxy_permissions', '2021-04-09 02:45:29.178355'),
(18, 'auth', '0012_alter_user_first_name_max_length', '2021-04-09 02:45:30.734229'),
(19, 'sessions', '0001_initial', '2021-04-09 02:45:31.310253'),
(20, 'app', '0002_authgroup_authgrouppermissions_authpermission_authuser_authusergroups_authuseruserpermissions_django', '2021-04-10 04:52:02.437939');

-- --------------------------------------------------------

--
-- Table structure for table `django_session`
--

CREATE TABLE `django_session` (
  `session_key` varchar(40) NOT NULL,
  `session_data` longtext NOT NULL,
  `expire_date` datetime(6) NOT NULL
) ENGINE=InnoDB DEFAULT CHARSET=latin1;

--
-- Dumping data for table `django_session`
--

INSERT INTO `django_session` (`session_key`, `session_data`, `expire_date`) VALUES
('3y4dlaye6ggle676ygbazpm7al5t3gkj', '.eJxVjDsOwjAQBe_iGln-7tqU9DlDtF4vJIASKU4qxN0hUgpo38y8l-ppW4d-a7L0Y1VnZdXpdyvED5l2UO803WbN87QuY9G7og_adDdXeV4O9-9goDZ860TsMDqsnhDtVSIED2wKJQZvHHrAYEqUgAYgJc7RBFckWQuBXc7q_QG7YjZd:1leUSx:z7miMBm5HQKV2ipWbTTlW6FoxOQDfPDbzEFKdsPIClQ', '2021-05-20 03:14:19.054643'),
('dy27eeav8a8srm3g33c4vhruag1dbw5e', '.eJyrViotTi3yLHZMTkxRsjLUgXI9S5JylKwMENx8IK8WAFy1Du0:1lieEB:1NVyqNQuu1bLKkLRz1KQXETcjCtGqsLEmBf28LgxYts', '2021-05-31 14:28:15.135229');

-- --------------------------------------------------------

--
-- Table structure for table `likert`
--

CREATE TABLE `likert` (
  `id` int(11) NOT NULL,
  `user_id` int(11) NOT NULL,
  `course_name` varchar(70) NOT NULL,
  `timestamp` varchar(60) NOT NULL,
  `a1` varchar(255) NOT NULL,
  `a2` varchar(255) NOT NULL,
  `a3` varchar(255) NOT NULL,
  `a4` varchar(255) NOT NULL,
  `a5` varchar(255) NOT NULL,
  `a6` varchar(255) NOT NULL,
  `a7` varchar(255) NOT NULL,
  `a8` varchar(255) NOT NULL,
  `a9` varchar(255) NOT NULL,
  `a10` varchar(255) NOT NULL,
  `a11` varchar(255) NOT NULL,
  `a12` varchar(255) NOT NULL,
  `a13` varchar(255) NOT NULL,
  `a14` varchar(255) NOT NULL,
  `i1` varchar(255) NOT NULL,
  `i2` varchar(255) NOT NULL,
  `i3` varchar(255) NOT NULL,
  `ac1` varchar(255) NOT NULL,
  `ac2` varchar(255) NOT NULL,
  `ac3` varchar(255) NOT NULL,
  `ac4` varchar(255) NOT NULL
) ENGINE=InnoDB DEFAULT CHARSET=utf8mb4;

--
-- Dumping data for table `likert`
--

INSERT INTO `likert` (`id`, `user_id`, `course_name`, `timestamp`, `a1`, `a2`, `a3`, `a4`, `a5`, `a6`, `a7`, `a8`, `a9`, `a10`, `a11`, `a12`, `a13`, `a14`, `i1`, `i2`, `i3`, `ac1`, `ac2`, `ac3`, `ac4`) VALUES
(1, 1, 'HIS C101- Readings in Philippine History', '2019/10/01 8:26:22 PM GMT+8', 'Strongly Agree', 'Strongly Agree', 'Strongly Agree', 'Strongly Agree', 'Strongly Agree', 'Strongly Agree', 'Strongly Agree', 'Strongly Agree', 'Strongly Agree', 'Strongly Agree', 'Strongly Agree', 'Strongly Agree', 'Strongly Agree', 'Strongly Agree', 'Strongly Agree', 'Strongly Agree', 'Strongly Agree', 'Strongly Agree', 'Strongly Agree', 'Strongly Agree', 'Strongly Agree'),
(2, 2, 'HIS C101- Readings in Philippine History', '2019/10/01 8:28:11 PM GMT+8', 'Strongly Agree', 'Strongly Agree', 'Strongly Agree', 'Strongly Agree', 'Strongly Agree', 'Strongly Agree', 'Strongly Agree', 'Strongly Agree', 'Strongly Agree', 'Strongly Agree', 'Strongly Agree', 'Strongly Agree', 'Strongly Agree', 'Strongly Agree', 'Strongly Agree', 'Strongly Agree', 'Strongly Agree', 'Strongly Agree', 'Strongly Agree', 'Strongly Agree', 'Strongly Agree'),
(3, 3, 'HIS C101- Readings in Philippine History', '2019/10/01 8:30:46 PM GMT+8', 'Strongly Agree', 'Strongly Agree', 'Strongly Agree', 'Strongly Agree', 'Strongly Agree', 'Strongly Agree', 'Strongly Agree', 'Strongly Agree', 'Strongly Agree', 'Strongly Agree', 'Strongly Agree', 'Strongly Agree', 'Strongly Agree', 'Strongly Agree', 'Strongly Agree', 'Strongly Agree', 'Strongly Agree', 'Strongly Agree', 'Strongly Agree', 'Strongly Agree', 'Strongly Agree'),
(4, 4, 'HIS C101- Readings in Philippine History', '2019/10/01 8:30:52 PM GMT+8', 'Strongly Agree', 'Strongly Agree', 'Strongly Agree', 'Strongly Agree', 'Strongly Agree', 'Strongly Agree', 'Strongly Agree', 'Strongly Agree', 'Strongly Agree', 'Strongly Agree', 'Strongly Agree', 'Strongly Agree', 'Strongly Agree', 'Strongly Agree', 'Strongly Agree', 'Strongly Agree', 'Strongly Agree', 'Strongly Agree', 'Strongly Agree', 'Strongly Agree', 'Strongly Agree'),
(5, 5, 'HIS C101- Readings in Philippine History', '2019/10/01 8:32:11 PM GMT+8', 'Strongly Agree', 'Strongly Agree', 'Strongly Agree', 'Strongly Agree', 'Strongly Agree', 'Strongly Agree', 'Strongly Agree', 'Strongly Agree', 'Strongly Agree', 'Strongly Agree', 'Strongly Agree', 'Strongly Agree', 'Strongly Agree', 'Strongly Agree', 'Strongly Agree', 'Strongly Agree', 'Strongly Agree', 'Strongly Agree', 'Strongly Agree', 'Strongly Agree', 'Strongly Agree'),
(6, 6, 'HIS C101- Readings in Philippine History', '2019/10/01 8:33:31 PM GMT+8', 'Strongly Agree', 'Strongly Agree', 'Strongly Agree', 'Strongly Agree', 'Strongly Agree', 'Strongly Agree', 'Strongly Agree', 'Strongly Agree', 'Strongly Agree', 'Strongly Agree', 'Strongly Agree', 'Strongly Agree', 'Strongly Agree', 'Strongly Agree', 'Strongly Agree', 'Strongly Agree', 'Strongly Agree', 'Strongly Agree', 'Strongly Agree', 'Strongly Agree', 'Strongly Agree'),
(7, 7, 'HIS C101- Readings in Philippine History', '2019/10/01 8:35:01 PM GMT+8', 'Strongly Agree', 'Strongly Agree', 'Strongly Agree', 'Strongly Agree', 'Strongly Agree', 'Strongly Agree', 'Agree', 'Strongly Agree', 'Strongly Agree', 'Strongly Agree', 'Strongly Agree', 'Strongly Agree', 'Strongly Agree', 'Strongly Agree', 'Strongly Agree', 'Strongly Agree', 'Strongly Agree', 'Strongly Agree', 'Strongly Agree', 'Strongly Agree', 'Strongly Agree'),
(8, 8, 'HIS C101- Readings in Philippine History', '2019/10/01 8:35:04 PM GMT+8', 'Strongly Agree', 'Strongly Disagree', 'Strongly Agree', 'Strongly Agree', 'Strongly Agree', 'Strongly Agree', 'Strongly Agree', 'Strongly Agree', 'Strongly Agree', 'Strongly Disagree', 'Strongly Agree', 'Strongly Agree', 'Strongly Agree', 'Strongly Agree', 'Strongly Agree', 'Strongly Agree', 'Strongly Agree', 'Strongly Agree', 'Strongly Agree', 'Strongly Agree', 'Strongly Agree'),
(9, 9, 'HIS C101- Readings in Philippine History', '2019/10/01 8:35:09 PM GMT+8', 'Strongly Agree', 'Strongly Agree', 'Strongly Agree', 'Strongly Agree', 'Strongly Agree', 'Strongly Agree', 'Strongly Agree', 'Agree', 'Strongly Agree', 'Strongly Agree', 'Strongly Agree', 'Strongly Agree', 'Strongly Agree', 'Strongly Agree', 'Strongly Agree', 'Strongly Agree', 'Strongly Agree', 'Strongly Agree', 'Strongly Agree', 'Strongly Agree', 'Strongly Agree'),
(10, 10, 'HIS C101- Readings in Philippine History', '2019/10/01 8:35:21 PM GMT+8', 'Strongly Agree', 'Strongly Agree', 'Strongly Agree', 'Strongly Agree', 'Strongly Agree', 'Strongly Agree', 'Strongly Agree', 'Strongly Agree', 'Strongly Agree', 'Strongly Agree', 'Strongly Agree', 'Agree', 'Agree', 'Strongly Agree', 'Strongly Agree', 'Strongly Agree', 'Strongly Agree', 'Strongly Agree', 'Strongly Agree', 'Strongly Agree', 'Strongly Agree'),
(11, 11, 'HIS C101- Readings in Philippine History', '2019/10/01 8:35:28 PM GMT+8', 'Strongly Agree', 'Strongly Agree', 'Strongly Agree', 'Strongly Agree', 'Strongly Agree', 'Strongly Agree', 'Strongly Agree', 'Strongly Agree', 'Strongly Agree', 'Strongly Agree', 'Strongly Agree', 'Strongly Agree', 'Strongly Agree', 'Strongly Agree', 'Strongly Agree', 'Strongly Agree', 'Strongly Agree', 'Strongly Agree', 'Strongly Agree', 'Strongly Agree', 'Strongly Agree'),
(12, 12, 'HIS C101- Readings in Philippine History', '2019/10/01 8:35:37 PM GMT+8', 'Strongly Agree', 'Strongly Agree', 'Strongly Agree', 'Strongly Agree', 'Strongly Agree', 'Disagree', 'Strongly Agree', 'Strongly Agree', 'Strongly Agree', 'Strongly Agree', 'Strongly Agree', 'Strongly Agree', 'Strongly Agree', 'Strongly Agree', 'Strongly Agree', 'Strongly Agree', 'Strongly Agree', 'Strongly Agree', 'Strongly Agree', 'Strongly Agree', 'Strongly Agree'),
(13, 13, 'HIS C101- Readings in Philippine History', '2019/10/01 8:35:42 PM GMT+8', 'Strongly Agree', 'Strongly Agree', 'Strongly Agree', 'Strongly Agree', 'Strongly Agree', 'Strongly Agree', 'Strongly Agree', 'Strongly Agree', 'Strongly Agree', 'Strongly Agree', 'Strongly Agree', 'Strongly Agree', 'Strongly Agree', 'Strongly Agree', 'Strongly Agree', 'Strongly Agree', 'Strongly Agree', 'Strongly Agree', 'Strongly Agree', 'Strongly Agree', 'Strongly Agree'),
(14, 14, 'HIS C101- Readings in Philippine History', '2019/10/01 8:36:35 PM GMT+8', 'Strongly Agree', 'Strongly Agree', 'Strongly Agree', 'Strongly Agree', 'Strongly Agree', 'Strongly Agree', 'Strongly Agree', 'Strongly Agree', 'Strongly Agree', 'Strongly Agree', 'Disagree', 'Strongly Agree', 'Strongly Agree', 'Strongly Agree', 'Strongly Agree', 'Strongly Agree', 'Strongly Agree', 'Strongly Agree', 'Strongly Agree', 'Strongly Agree', 'Strongly Agree'),
(15, 15, 'HIS C101- Readings in Philippine History', '2019/10/01 8:36:44 PM GMT+8', 'Strongly Agree', 'Agree', 'Strongly Agree', 'Strongly Agree', 'Strongly Agree', 'Strongly Agree', 'Strongly Agree', 'Strongly Agree', 'Strongly Agree', 'Strongly Agree', 'Strongly Agree', 'Strongly Agree', 'Strongly Agree', 'Strongly Agree', 'Strongly Agree', 'Strongly Agree', 'Strongly Agree', 'Strongly Agree', 'Strongly Agree', 'Strongly Agree', 'Strongly Agree'),
(16, 16, 'HIS C101- Readings in Philippine History', '2019/10/01 8:36:56 PM GMT+8', 'Strongly Agree', 'Strongly Agree', 'Strongly Agree', 'Strongly Agree', 'Strongly Agree', 'Strongly Agree', 'Strongly Agree', 'Strongly Agree', 'Strongly Agree', 'Strongly Agree', 'Strongly Agree', 'Strongly Agree', 'Strongly Agree', 'Strongly Agree', 'Strongly Agree', 'Strongly Agree', 'Strongly Agree', 'Agree', 'Strongly Agree', 'Strongly Agree', 'Strongly Agree'),
(17, 17, 'HIS C101- Readings in Philippine History', '2019/10/01 8:36:56 PM GMT+8', 'Strongly Agree', 'Strongly Agree', 'Strongly Agree', 'Strongly Agree', 'Strongly Agree', 'Strongly Agree', 'Strongly Agree', 'Strongly Agree', 'Strongly Agree', 'Strongly Agree', 'Strongly Agree', 'Strongly Agree', 'Strongly Agree', 'Strongly Agree', 'Strongly Agree', 'Strongly Agree', 'Strongly Agree', 'Strongly Agree', 'Strongly Agree', 'Strongly Agree', 'Strongly Agree'),
(18, 18, 'HIS C101- Readings in Philippine History', '2019/10/01 8:36:58 PM GMT+8', 'Strongly Agree', 'Strongly Agree', 'Strongly Agree', 'Strongly Agree', 'Strongly Agree', 'Strongly Agree', 'Strongly Agree', 'Strongly Agree', 'Strongly Agree', 'Strongly Agree', 'Strongly Agree', 'Strongly Agree', 'Strongly Agree', 'Strongly Agree', 'Strongly Agree', 'Strongly Agree', 'Strongly Agree', 'Strongly Agree', 'Strongly Agree', 'Strongly Agree', 'Strongly Agree'),
(19, 19, 'HIS C101- Readings in Philippine History', '2019/10/01 8:37:12 PM GMT+8', 'Strongly Agree', 'Strongly Agree', 'Strongly Agree', 'Strongly Agree', 'Strongly Agree', 'Strongly Agree', 'Strongly Agree', 'Strongly Agree', 'Strongly Agree', 'Strongly Agree', 'Strongly Agree', 'Strongly Agree', 'Strongly Agree', 'Strongly Agree', 'Strongly Agree', 'Strongly Agree', 'Strongly Agree', 'Strongly Agree', 'Strongly Agree', 'Strongly Agree', 'Strongly Agree'),
(20, 20, 'HIS C101- Readings in Philippine History', '2019/10/01 8:37:13 PM GMT+8', 'Strongly Agree', 'Strongly Agree', 'Strongly Agree', 'Strongly Agree', 'Strongly Agree', 'Strongly Agree', 'Strongly Agree', 'Strongly Agree', 'Strongly Agree', 'Strongly Agree', 'Strongly Agree', 'Strongly Agree', 'Strongly Agree', 'Strongly Agree', 'Strongly Agree', 'Strongly Agree', 'Strongly Agree', 'Strongly Agree', 'Strongly Agree', 'Strongly Agree', 'Strongly Agree'),
(21, 21, 'HIS C101- Readings in Philippine History', '2019/10/01 8:37:19 PM GMT+8', 'Strongly Agree', 'Strongly Agree', 'Strongly Agree', 'Strongly Agree', 'Strongly Agree', 'Strongly Agree', 'Strongly Agree', 'Strongly Agree', 'Strongly Agree', 'Strongly Agree', 'Agree', 'Strongly Agree', 'Strongly Agree', 'Strongly Agree', 'Strongly Agree', 'Strongly Agree', 'Strongly Agree', 'Agree', 'Strongly Agree', 'Strongly Agree', 'Strongly Agree'),
(22, 22, 'HIS C101- Readings in Philippine History', '2019/10/01 8:38:25 PM GMT+8', 'Strongly Agree', 'Disagree', 'Strongly Agree', 'Strongly Agree', 'Strongly Agree', 'Strongly Agree', 'Strongly Agree', 'Strongly Agree', 'Strongly Agree', 'Disagree', 'Strongly Agree', 'Strongly Agree', 'Strongly Agree', 'Strongly Agree', 'Strongly Agree', 'Strongly Agree', 'Strongly Agree', 'Strongly Agree', 'Strongly Agree', 'Strongly Agree', 'Strongly Agree'),
(23, 23, 'HIS C101- Readings in Philippine History', '2019/10/01 8:38:29 PM GMT+8', 'Strongly Agree', 'Strongly Agree', 'Strongly Agree', 'Strongly Agree', 'Strongly Agree', 'Strongly Agree', 'Strongly Agree', 'Strongly Agree', 'Strongly Agree', 'Strongly Agree', 'Strongly Agree', 'Strongly Agree', 'Strongly Agree', 'Strongly Agree', 'Strongly Agree', 'Strongly Agree', 'Strongly Agree', 'Strongly Agree', 'Strongly Agree', 'Strongly Agree', 'Strongly Agree'),
(24, 24, 'HIS C101- Readings in Philippine History', '2019/10/01 8:38:41 PM GMT+8', 'Strongly Agree', 'Strongly Agree', 'Strongly Agree', 'Strongly Agree', 'Strongly Agree', 'Strongly Agree', 'Strongly Agree', 'Strongly Agree', 'Strongly Agree', 'Strongly Agree', 'Strongly Agree', 'Strongly Agree', 'Strongly Agree', 'Strongly Agree', 'Strongly Agree', 'Strongly Agree', 'Strongly Agree', 'Strongly Agree', 'Strongly Agree', 'Strongly Agree', 'Strongly Agree'),
(25, 25, 'HIS C101- Readings in Philippine History', '2019/10/01 8:39:03 PM GMT+8', 'Strongly Agree', 'Strongly Agree', 'Strongly Agree', 'Strongly Agree', 'Strongly Agree', 'Strongly Agree', 'Strongly Agree', 'Strongly Agree', 'Strongly Agree', 'Strongly Agree', 'Strongly Agree', 'Strongly Agree', 'Strongly Agree', 'Strongly Agree', 'Strongly Agree', 'Strongly Agree', 'Strongly Agree', 'Strongly Agree', 'Strongly Agree', 'Strongly Agree', 'Strongly Agree'),
(26, 26, 'HIS C101- Readings in Philippine History', '2019/10/01 8:40:22 PM GMT+8', 'Strongly Agree', 'Strongly Agree', 'Strongly Agree', 'Strongly Agree', 'Strongly Agree', 'Strongly Agree', 'Strongly Agree', 'Strongly Agree', 'Strongly Agree', 'Strongly Agree', 'Strongly Agree', 'Strongly Agree', 'Strongly Agree', 'Strongly Agree', 'Strongly Agree', 'Strongly Agree', 'Strongly Agree', 'Strongly Agree', 'Strongly Agree', 'Strongly Agree', 'Strongly Agree'),
(27, 27, 'HIS C101- Readings in Philippine History', '2019/10/01 8:41:42 PM GMT+8', 'Strongly Agree', 'Strongly Agree', 'Strongly Agree', 'Strongly Agree', 'Strongly Agree', 'Strongly Agree', 'Strongly Agree', 'Strongly Agree', 'Strongly Agree', 'Strongly Agree', 'Strongly Agree', 'Strongly Agree', 'Strongly Agree', 'Strongly Agree', 'Strongly Agree', 'Strongly Agree', 'Strongly Agree', 'Strongly Agree', 'Strongly Agree', 'Strongly Agree', 'Strongly Agree'),
(28, 28, 'HIS C101- Readings in Philippine History', '2019/10/01 8:41:43 PM GMT+8', 'Strongly Agree', 'Strongly Disagree', 'Strongly Agree', 'Strongly Agree', 'Strongly Agree', 'Strongly Agree', 'Strongly Agree', 'Strongly Agree', 'Strongly Agree', 'Strongly Agree', 'Strongly Agree', 'Strongly Agree', 'Strongly Agree', 'Strongly Agree', 'Strongly Agree', 'Strongly Agree', 'Strongly Agree', 'Strongly Agree', 'Strongly Agree', 'Strongly Agree', 'Strongly Agree'),
(29, 29, 'HIS C101- Readings in Philippine History', '2019/10/01 8:43:22 PM GMT+8', 'Strongly Agree', 'Agree', 'Strongly Agree', 'Strongly Agree', 'Strongly Agree', 'Disagree', 'Strongly Agree', 'Strongly Agree', 'Strongly Agree', 'Strongly Agree', 'Strongly Agree', 'Agree', 'Agree', 'Agree', 'Agree', 'Agree', 'Agree', 'Agree', 'Agree', 'Agree', 'Strongly Agree'),
(30, 30, 'HIS C101- Readings in Philippine History', '2019/10/01 8:47:36 PM GMT+8', 'Strongly Agree', 'Strongly Agree', 'Strongly Agree', 'Strongly Agree', 'Strongly Agree', 'Strongly Agree', 'Strongly Agree', 'Strongly Agree', 'Strongly Agree', 'Strongly Agree', 'Strongly Agree', 'Strongly Agree', 'Strongly Agree', 'Strongly Agree', 'Strongly Agree', 'Strongly Agree', 'Strongly Agree', 'Strongly Agree', 'Strongly Agree', 'Strongly Agree', 'Strongly Agree'),
(31, 31, 'HIS C101- Readings in Philippine History', '2019/10/01 8:50:29 PM GMT+8', 'Strongly Agree', 'Strongly Agree', 'Strongly Agree', 'Strongly Agree', 'Strongly Agree', 'Strongly Agree', 'Strongly Agree', 'Strongly Agree', 'Strongly Agree', 'Strongly Agree', 'Strongly Agree', 'Strongly Agree', 'Strongly Agree', 'Strongly Agree', 'Strongly Agree', 'Strongly Agree', 'Strongly Agree', 'Strongly Agree', 'Strongly Agree', 'Strongly Agree', 'Strongly Agree'),
(32, 32, 'HIS C101- Readings in Philippine History', '2019/10/01 9:16:51 PM GMT+8', 'Strongly Agree', 'Strongly Agree', 'Strongly Agree', 'Strongly Agree', 'Strongly Agree', 'Strongly Agree', 'Agree', 'Strongly Agree', 'Strongly Agree', 'Strongly Agree', 'Strongly Agree', 'Disagree', 'Strongly Agree', 'Strongly Agree', 'Strongly Agree', 'Strongly Agree', 'Strongly Agree', 'Strongly Agree', 'Strongly Agree', 'Strongly Agree', 'Strongly Agree'),
(33, 33, 'HIS C101- Readings in Philippine History', '2019/09/30 3:36:32 PM GMT+8', 'Agree', 'Agree', 'Agree', 'Agree', 'Agree', 'Agree', 'Agree', 'Agree', 'Agree', 'Agree', 'Agree', 'Agree', 'Agree', 'Agree', 'Agree', 'Agree', 'Agree', 'Agree', 'Agree', 'Agree', 'Agree'),
(34, 34, 'HIS C101- Readings in Philippine History', '2019/09/30 3:41:50 PM GMT+8', 'Strongly Agree', 'Strongly Disagree', 'Strongly Agree', 'Strongly Agree', 'Strongly Agree', 'Strongly Agree', 'Strongly Agree', 'Strongly Agree', 'Strongly Agree', 'Strongly Disagree', 'Strongly Agree', 'Strongly Agree', 'Strongly Agree', 'Strongly Agree', 'Strongly Agree', 'Strongly Agree', 'Strongly Agree', 'Strongly Agree', 'Strongly Agree', 'Strongly Agree', 'Strongly Agree'),
(35, 35, 'HIS C101- Readings in Philippine History', '2019/09/30 3:45:45 PM GMT+8', 'Agree', 'Strongly Agree', 'Agree', 'Agree', 'Strongly Agree', 'Strongly Agree', 'Strongly Agree', 'Agree', 'Strongly Agree', 'Strongly Agree', 'Strongly Agree', 'Strongly Agree', 'Strongly Agree', 'Strongly Agree', 'Strongly Agree', 'Strongly Agree', 'Strongly Agree', 'Agree', 'Strongly Agree', 'Strongly Agree', 'Strongly Agree'),
(36, 36, 'HIS C101- Readings in Philippine History', '2019/09/30 3:45:46 PM GMT+8', 'Strongly Agree', 'Strongly Agree', 'Strongly Agree', 'Strongly Agree', 'Strongly Agree', 'Strongly Agree', 'Strongly Agree', 'Strongly Agree', 'Strongly Agree', 'Strongly Agree', 'Strongly Agree', 'Strongly Agree', 'Strongly Agree', 'Strongly Agree', 'Strongly Agree', 'Strongly Agree', 'Strongly Agree', 'Strongly Agree', 'Strongly Agree', 'Strongly Agree', 'Strongly Agree'),
(37, 37, 'HIS C101- Readings in Philippine History', '2019/09/30 3:46:24 PM GMT+8', 'Strongly Agree', 'Disagree', 'Strongly Agree', 'Disagree', 'Strongly Agree', 'Strongly Agree', 'Agree', 'Strongly Agree', 'Agree', 'Agree', 'Disagree', 'Strongly Agree', 'Strongly Agree', 'Agree', 'Strongly Agree', 'Strongly Agree', 'Strongly Agree', 'Strongly Agree', 'Strongly Agree', 'Strongly Agree', 'Strongly Agree'),
(38, 38, 'HIS C101- Readings in Philippine History', '2019/09/30 3:47:05 PM GMT+8', 'Strongly Agree', 'Strongly Agree', 'Strongly Agree', 'Strongly Agree', 'Strongly Agree', 'Strongly Agree', 'Strongly Agree', 'Strongly Agree', 'Strongly Agree', 'Strongly Agree', 'Strongly Agree', 'Strongly Agree', 'Strongly Agree', 'Strongly Agree', 'Strongly Agree', 'Agree', 'Strongly Agree', 'Strongly Agree', 'Strongly Agree', 'Strongly Agree', 'Strongly Agree'),
(39, 39, 'HIS C101- Readings in Philippine History', '2019/09/30 3:47:08 PM GMT+8', 'Strongly Agree', 'Strongly Disagree', 'Strongly Agree', 'Strongly Agree', 'Strongly Disagree', 'Strongly Agree', 'Strongly Agree', 'Strongly Agree', 'Strongly Agree', 'Strongly Disagree', 'Strongly Agree', 'Strongly Agree', 'Strongly Agree', 'Strongly Agree', 'Strongly Agree', 'Strongly Agree', 'Strongly Agree', 'Strongly Disagree', 'Strongly Agree', 'Strongly Disagree', 'Strongly Disagree'),
(40, 40, 'HIS C101- Readings in Philippine History', '2019/09/30 3:47:12 PM GMT+8', 'Strongly Agree', 'Strongly Agree', 'Strongly Agree', 'Strongly Disagree', 'Strongly Agree', 'Strongly Agree', 'Strongly Agree', 'Strongly Agree', 'Strongly Disagree', 'Strongly Agree', 'Agree', 'Strongly Agree', 'Strongly Agree', 'Strongly Agree', 'Strongly Agree', 'Strongly Agree', 'Strongly Agree', 'Strongly Agree', 'Strongly Agree', 'Strongly Agree', 'Strongly Agree'),
(41, 41, 'HIS C101- Readings in Philippine History', '2019/09/30 3:47:13 PM GMT+8', 'Strongly Agree', 'Strongly Agree', 'Strongly Agree', 'Strongly Agree', 'Strongly Agree', 'Strongly Agree', 'Strongly Agree', 'Strongly Agree', 'Strongly Agree', 'Strongly Agree', 'Strongly Agree', 'Strongly Agree', 'Strongly Agree', 'Agree', 'Strongly Agree', 'Strongly Agree', 'Strongly Agree', 'Strongly Agree', 'Strongly Agree', 'Strongly Agree', 'Strongly Agree'),
(42, 42, 'HIS C101- Readings in Philippine History', '2019/09/30 3:48:03 PM GMT+8', 'Strongly Agree', 'Strongly Agree', 'Strongly Disagree', 'Strongly Disagree', 'Strongly Agree', 'Strongly Agree', 'Strongly Disagree', 'Strongly Disagree', 'Strongly Disagree', 'Strongly Agree', 'Strongly Disagree', 'Strongly Agree', 'Strongly Disagree', 'Strongly Disagree', 'Strongly Agree', 'Strongly Agree', 'Strongly Agree', 'Strongly Disagree', 'Strongly Disagree', 'Strongly Agree', 'Strongly Disagree'),
(43, 43, 'HIS C101- Readings in Philippine History', '2019/09/30 3:48:10 PM GMT+8', 'Strongly Agree', 'Strongly Agree', 'Strongly Agree', 'Strongly Disagree', 'Strongly Disagree', 'Strongly Agree', 'Strongly Agree', 'Strongly Agree', 'Strongly Agree', 'Strongly Agree', 'Strongly Disagree', 'Strongly Agree', 'Strongly Agree', 'Strongly Disagree', 'Strongly Agree', 'Strongly Agree', 'Strongly Agree', 'Strongly Agree', 'Strongly Agree', 'Strongly Agree', 'Strongly Agree'),
(44, 44, 'HIS C101- Readings in Philippine History', '2019/09/30 3:48:18 PM GMT+8', 'Agree', 'Strongly Agree', 'Strongly Agree', 'Agree', 'Strongly Agree', 'Strongly Agree', 'Agree', 'Strongly Agree', 'Strongly Agree', 'Strongly Agree', 'Agree', 'Strongly Agree', 'Agree', 'Agree', 'Strongly Agree', 'Strongly Agree', 'Strongly Agree', 'Agree', 'Strongly Agree', 'Agree', 'Strongly Agree'),
(45, 45, 'HIS C101- Readings in Philippine History', '2019/09/30 3:48:35 PM GMT+8', 'Agree', 'Agree', 'Agree', 'Agree', 'Agree', 'Agree', 'Agree', 'Agree', 'Agree', 'Agree', 'Agree', 'Agree', 'Agree', 'Strongly Agree', 'Agree', 'Agree', 'Agree', 'Strongly Agree', 'Strongly Agree', 'Strongly Agree', 'Agree'),
(46, 46, 'HIS C101- Readings in Philippine History', '2019/09/30 3:49:33 PM GMT+8', 'Strongly Agree', 'Strongly Agree', 'Strongly Agree', 'Strongly Agree', 'Strongly Agree', 'Strongly Agree', 'Strongly Agree', 'Strongly Agree', 'Strongly Agree', 'Strongly Agree', 'Strongly Agree', 'Strongly Agree', 'Strongly Agree', 'Strongly Agree', 'Strongly Agree', 'Strongly Agree', 'Strongly Agree', 'Strongly Agree', 'Strongly Agree', 'Strongly Agree', 'Strongly Agree'),
(47, 47, 'HIS C101- Readings in Philippine History', '2019/09/30 3:50:19 PM GMT+8', 'Strongly Agree', 'Strongly Disagree', 'Strongly Agree', 'Strongly Agree', 'Strongly Agree', 'Strongly Agree', 'Strongly Agree', 'Strongly Agree', 'Strongly Agree', 'Strongly Disagree', 'Strongly Agree', 'Strongly Agree', 'Strongly Disagree', 'Strongly Agree', 'Strongly Agree', 'Strongly Agree', 'Strongly Agree', 'Strongly Agree', 'Strongly Agree', 'Strongly Agree', 'Strongly Agree'),
(48, 48, 'HIS C101- Readings in Philippine History', '2019/09/30 3:50:21 PM GMT+8', 'Strongly Agree', 'Strongly Agree', 'Strongly Agree', 'Strongly Agree', 'Strongly Agree', 'Strongly Agree', 'Strongly Agree', 'Strongly Agree', 'Strongly Agree', 'Disagree', 'Strongly Agree', 'Strongly Agree', 'Strongly Agree', 'Strongly Agree', 'Disagree', 'Strongly Agree', 'Strongly Agree', 'Disagree', 'Strongly Agree', 'Strongly Agree', 'Strongly Agree'),
(49, 49, 'HIS C101- Readings in Philippine History', '2019/09/30 3:50:28 PM GMT+8', 'Agree', 'Agree', 'Strongly Agree', 'Agree', 'Agree', 'Strongly Agree', 'Agree', 'Agree', 'Agree', 'Disagree', 'Agree', 'Agree', 'Agree', 'Agree', 'Agree', 'Agree', 'Agree', 'Disagree', 'Agree', 'Agree', 'Agree'),
(50, 50, 'HIS C101- Readings in Philippine History', '2019/09/30 3:52:03 PM GMT+8', 'Strongly Agree', 'Strongly Agree', 'Strongly Agree', 'Strongly Agree', 'Strongly Agree', 'Strongly Agree', 'Strongly Agree', 'Strongly Agree', 'Strongly Agree', 'Strongly Agree', 'Strongly Agree', 'Strongly Agree', 'Strongly Agree', 'Strongly Agree', 'Strongly Agree', 'Strongly Agree', 'Strongly Agree', 'Strongly Agree', 'Strongly Agree', 'Strongly Agree', 'Strongly Agree'),
(51, 51, 'HIS C101- Readings in Philippine History', '2019/09/30 3:52:10 PM GMT+8', 'Strongly Agree', 'Strongly Agree', 'Strongly Agree', 'Agree', 'Strongly Agree', 'Strongly Agree', 'Strongly Agree', 'Strongly Agree', 'Strongly Agree', 'Strongly Agree', 'Strongly Agree', 'Strongly Agree', 'Agree', 'Strongly Agree', 'Strongly Agree', 'Strongly Agree', 'Strongly Agree', 'Strongly Agree', 'Strongly Agree', 'Strongly Agree', 'Strongly Agree'),
(52, 52, 'HIS C101- Readings in Philippine History', '2019/09/30 3:52:27 PM GMT+8', 'Strongly Agree', 'Strongly Agree', 'Strongly Agree', 'Strongly Agree', 'Agree', 'Strongly Agree', 'Agree', 'Agree', 'Strongly Agree', 'Strongly Agree', 'Strongly Agree', 'Strongly Agree', 'Strongly Agree', 'Agree', 'Strongly Agree', 'Strongly Agree', 'Strongly Agree', 'Agree', 'Strongly Agree', 'Agree', 'Strongly Agree'),
(53, 53, 'HIS C101- Readings in Philippine History', '2019/09/30 3:52:43 PM GMT+8', 'Strongly Agree', 'Disagree', 'Strongly Agree', 'Strongly Agree', 'Disagree', 'Strongly Agree', 'Strongly Agree', 'Strongly Agree', 'Strongly Agree', 'Agree', 'Strongly Agree', 'Agree', 'Strongly Agree', 'Strongly Agree', 'Disagree', 'Agree', 'Strongly Agree', 'Strongly Agree', 'Strongly Agree', 'Strongly Agree', 'Strongly Agree'),
(54, 54, 'HIS C101- Readings in Philippine History', '2019/09/30 3:52:53 PM GMT+8', 'Strongly Agree', 'Strongly Agree', 'Strongly Agree', 'Strongly Disagree', 'Strongly Agree', 'Strongly Agree', 'Strongly Agree', 'Strongly Agree', 'Strongly Agree', 'Strongly Agree', 'Strongly Agree', 'Strongly Agree', 'Strongly Agree', 'Strongly Agree', 'Strongly Agree', 'Strongly Agree', 'Strongly Agree', 'Strongly Agree', 'Strongly Disagree', 'Strongly Agree', 'Strongly Agree'),
(55, 55, 'HIS C101- Readings in Philippine History', '2019/09/30 3:52:56 PM GMT+8', 'Agree', 'Strongly Agree', 'Strongly Agree', 'Strongly Agree', 'Disagree', 'Strongly Agree', 'Strongly Agree', 'Strongly Agree', 'Strongly Agree', 'Strongly Agree', 'Strongly Agree', 'Strongly Agree', 'Strongly Agree', 'Strongly Agree', 'Strongly Agree', 'Strongly Agree', 'Strongly Agree', 'Agree', 'Strongly Agree', 'Strongly Agree', 'Strongly Agree'),
(56, 56, 'HIS C101- Readings in Philippine History', '2019/09/30 3:53:45 PM GMT+8', 'Strongly Agree', 'Strongly Agree', 'Strongly Agree', 'Strongly Disagree', 'Strongly Agree', 'Strongly Agree', 'Agree', 'Strongly Agree', 'Agree', 'Strongly Agree', 'Strongly Disagree', 'Agree', 'Disagree', 'Agree', 'Agree', 'Disagree', 'Disagree', 'Disagree', 'Strongly Agree', 'Disagree', 'Strongly Agree'),
(57, 57, 'HIS C101- Readings in Philippine History', '2019/09/30 3:53:45 PM GMT+8', 'Strongly Agree', 'Strongly Agree', 'Strongly Agree', 'Strongly Agree', 'Strongly Agree', 'Strongly Agree', 'Disagree', 'Strongly Agree', 'Strongly Agree', 'Disagree', 'Agree', 'Strongly Agree', 'Strongly Agree', 'Strongly Disagree', 'Agree', 'Agree', 'Strongly Agree', 'Strongly Disagree', 'Agree', 'Disagree', 'Strongly Agree'),
(58, 58, 'HIS C101- Readings in Philippine History', '2019/09/30 3:54:01 PM GMT+8', 'Strongly Agree', 'Strongly Disagree', 'Strongly Agree', 'Disagree', 'Strongly Agree', 'Strongly Agree', 'Disagree', 'Strongly Agree', 'Strongly Agree', 'Disagree', 'Strongly Agree', 'Strongly Agree', 'Agree', 'Agree', 'Strongly Agree', 'Agree', 'Strongly Agree', 'Disagree', 'Strongly Agree', 'Disagree', 'Strongly Agree'),
(59, 59, 'HIS C101- Readings in Philippine History', '2019/09/30 3:54:19 PM GMT+8', 'Strongly Agree', 'Strongly Agree', 'Strongly Agree', 'Strongly Agree', 'Strongly Disagree', 'Strongly Agree', 'Strongly Agree', 'Strongly Agree', 'Strongly Agree', 'Strongly Agree', 'Strongly Disagree', 'Strongly Agree', 'Strongly Agree', 'Strongly Disagree', 'Strongly Agree', 'Strongly Agree', 'Strongly Agree', 'Strongly Agree', 'Strongly Agree', 'Strongly Agree', 'Strongly Agree'),
(60, 60, 'HIS C101- Readings in Philippine History', '2019/09/30 3:54:30 PM GMT+8', 'Strongly Agree', 'Strongly Agree', 'Strongly Agree', 'Disagree', 'Strongly Agree', 'Strongly Agree', 'Disagree', 'Strongly Agree', 'Strongly Agree', 'Disagree', 'Strongly Agree', 'Strongly Agree', 'Strongly Agree', 'Strongly Agree', 'Strongly Agree', 'Disagree', 'Strongly Agree', 'Strongly Agree', 'Strongly Agree', 'Strongly Agree', 'Strongly Agree'),
(61, 61, 'HIS C101- Readings in Philippine History', '2019/09/30 3:54:43 PM GMT+8', 'Strongly Agree', 'Strongly Agree', 'Strongly Agree', 'Strongly Disagree', 'Strongly Agree', 'Strongly Agree', 'Disagree', 'Strongly Agree', 'Strongly Agree', 'Strongly Disagree', 'Strongly Agree', 'Disagree', 'Strongly Agree', 'Strongly Agree', 'Strongly Agree', 'Strongly Agree', 'Strongly Agree', 'Agree', 'Strongly Agree', 'Strongly Agree', 'Strongly Agree'),
(62, 62, 'HIS C101- Readings in Philippine History', '2019/09/30 3:55:52 PM GMT+8', 'Strongly Agree', 'Strongly Agree', 'Strongly Agree', 'Strongly Agree', 'Strongly Agree', 'Strongly Agree', 'Strongly Agree', 'Agree', 'Strongly Agree', 'Strongly Agree', 'Strongly Disagree', 'Agree', 'Strongly Agree', 'Strongly Agree', 'Agree', 'Strongly Agree', 'Strongly Agree', 'Strongly Agree', 'Strongly Agree', 'Strongly Agree', 'Strongly Agree'),
(63, 63, 'HIS C101- Readings in Philippine History', '2019/09/30 3:55:56 PM GMT+8', 'Strongly Agree', 'Strongly Agree', 'Strongly Agree', 'Strongly Agree', 'Strongly Agree', 'Strongly Agree', 'Strongly Agree', 'Strongly Agree', 'Strongly Agree', 'Strongly Disagree', 'Strongly Agree', 'Strongly Agree', 'Strongly Agree', 'Strongly Agree', 'Strongly Agree', 'Strongly Agree', 'Strongly Disagree', 'Strongly Disagree', 'Strongly Agree', 'Strongly Agree', 'Strongly Agree'),
(64, 64, 'HIS C101- Readings in Philippine History', '2019/09/30 3:56:00 PM GMT+8', 'Strongly Agree', 'Strongly Agree', 'Strongly Agree', 'Strongly Agree', 'Strongly Agree', 'Strongly Agree', 'Strongly Agree', 'Strongly Agree', 'Strongly Agree', 'Strongly Agree', 'Strongly Agree', 'Strongly Agree', 'Strongly Agree', 'Strongly Agree', 'Strongly Agree', 'Strongly Disagree', 'Strongly Agree', 'Strongly Agree', 'Strongly Agree', 'Strongly Agree', 'Strongly Agree'),
(65, 65, 'HIS C101- Readings in Philippine History', '2019/09/30 3:56:23 PM GMT+8', 'Strongly Disagree', 'Strongly Agree', 'Strongly Disagree', 'Agree', 'Agree', 'Agree', 'Agree', 'Agree', 'Agree', 'Agree', 'Agree', 'Agree', 'Agree', 'Agree', 'Agree', 'Agree', 'Strongly Disagree', 'Strongly Agree', 'Strongly Agree', 'Strongly Agree', 'Strongly Disagree'),
(66, 66, 'HIS C101- Readings in Philippine History', '2019/09/30 3:56:26 PM GMT+8', 'Strongly Agree', 'Strongly Agree', 'Strongly Agree', 'Strongly Agree', 'Strongly Agree', 'Strongly Agree', 'Strongly Disagree', 'Strongly Disagree', 'Strongly Agree', 'Strongly Disagree', 'Strongly Agree', 'Strongly Disagree', 'Strongly Disagree', 'Strongly Agree', 'Strongly Agree', 'Agree', 'Strongly Agree', 'Disagree', 'Strongly Agree', 'Strongly Agree', 'Strongly Disagree'),
(67, 67, 'HIS C101- Readings in Philippine History', '2019/09/30 3:56:42 PM GMT+8', 'Strongly Agree', 'Strongly Agree', 'Strongly Agree', 'Strongly Agree', 'Strongly Agree', 'Strongly Agree', 'Agree', 'Strongly Agree', 'Strongly Agree', 'Disagree', 'Strongly Agree', 'Strongly Agree', 'Strongly Agree', 'Strongly Agree', 'Agree', 'Strongly Agree', 'Strongly Agree', 'Strongly Agree', 'Strongly Agree', 'Agree', 'Strongly Agree'),
(68, 68, 'HIS C101- Readings in Philippine History', '2019/09/30 3:56:44 PM GMT+8', 'Strongly Agree', 'Strongly Agree', 'Strongly Agree', 'Strongly Agree', 'Strongly Agree', 'Strongly Agree', 'Strongly Agree', 'Strongly Agree', 'Strongly Agree', 'Strongly Agree', 'Strongly Agree', 'Strongly Agree', 'Strongly Agree', 'Strongly Agree', 'Strongly Agree', 'Strongly Agree', 'Strongly Agree', 'Strongly Agree', 'Strongly Agree', 'Strongly Agree', 'Strongly Agree'),
(69, 69, 'HIS C101- Readings in Philippine History', '2019/09/30 3:56:47 PM GMT+8', 'Strongly Agree', 'Strongly Agree', 'Strongly Agree', 'Strongly Disagree', 'Strongly Agree', 'Strongly Agree', 'Strongly Agree', 'Strongly Agree', 'Strongly Agree', 'Strongly Agree', 'Strongly Agree', 'Strongly Agree', 'Strongly Agree', 'Strongly Agree', 'Strongly Agree', 'Strongly Agree', 'Strongly Agree', 'Strongly Agree', 'Strongly Agree', 'Strongly Agree', 'Strongly Agree'),
(70, 70, 'HIS C101- Readings in Philippine History', '2019/09/30 3:56:55 PM GMT+8', 'Strongly Agree', 'Strongly Agree', 'Strongly Agree', 'Strongly Agree', 'Strongly Disagree', 'Strongly Agree', 'Strongly Disagree', 'Strongly Agree', 'Strongly Agree', 'Strongly Agree', 'Strongly Agree', 'Strongly Disagree', 'Strongly Agree', 'Strongly Agree', 'Strongly Agree', 'Strongly Agree', 'Strongly Agree', 'Strongly Agree', 'Strongly Agree', 'Strongly Disagree', 'Strongly Agree'),
(71, 71, 'HIS C101- Readings in Philippine History', '2019/09/30 3:57:00 PM GMT+8', 'Strongly Agree', 'Strongly Agree', 'Strongly Agree', 'Strongly Agree', 'Agree', 'Agree', 'Agree', 'Agree', 'Strongly Agree', 'Strongly Agree', 'Agree', 'Agree', 'Agree', 'Agree', 'Strongly Agree', 'Strongly Agree', 'Strongly Agree', 'Disagree', 'Strongly Agree', 'Agree', 'Strongly Agree'),
(72, 72, 'HIS C101- Readings in Philippine History', '2019/09/30 3:57:16 PM GMT+8', 'Strongly Agree', 'Agree', 'Agree', 'Disagree', 'Disagree', 'Agree', 'Disagree', 'Disagree', 'Agree', 'Agree', 'Disagree', 'Disagree', 'Agree', 'Agree', 'Agree', 'Agree', 'Agree', 'Disagree', 'Agree', 'Agree', 'Disagree'),
(73, 73, 'HIS C101- Readings in Philippine History', '2019/09/30 3:58:47 PM GMT+8', 'Strongly Agree', 'Strongly Agree', 'Strongly Agree', 'Strongly Disagree', 'Strongly Agree', 'Strongly Agree', 'Strongly Agree', 'Agree', 'Strongly Agree', 'Strongly Agree', 'Strongly Agree', 'Strongly Agree', 'Strongly Agree', 'Strongly Agree', 'Strongly Agree', 'Strongly Agree', 'Strongly Agree', 'Strongly Agree', 'Strongly Agree', 'Strongly Agree', 'Strongly Agree'),
(74, 74, 'HIS C101- Readings in Philippine History', '2019/09/30 4:25:53 PM GMT+8', 'Strongly Agree', 'Strongly Agree', 'Strongly Agree', 'Agree', 'Strongly Agree', 'Strongly Agree', 'Strongly Agree', 'Agree', 'Strongly Agree', 'Strongly Agree', 'Strongly Agree', 'Strongly Agree', 'Strongly Agree', 'Strongly Agree', 'Strongly Agree', 'Agree', 'Strongly Agree', 'Disagree', 'Strongly Agree', 'Disagree', 'Strongly Agree'),
(75, 75, 'HIS C101- Readings in Philippine History', '2019/09/30 4:28:29 PM GMT+8', 'Strongly Agree', 'Disagree', 'Strongly Disagree', 'Strongly Disagree', 'Agree', 'Strongly Disagree', 'Agree', 'Strongly Agree', 'Strongly Agree', 'Agree', 'Agree', 'Disagree', 'Strongly Disagree', 'Strongly Agree', 'Agree', 'Strongly Agree', 'Strongly Agree', 'Strongly Disagree', 'Agree', 'Agree', 'Strongly Agree'),
(76, 76, 'HIS C101- Readings in Philippine History', '2019/09/30 4:29:19 PM GMT+8', 'Strongly Agree', 'Strongly Agree', 'Strongly Agree', 'Strongly Agree', 'Strongly Agree', 'Strongly Agree', 'Strongly Agree', 'Strongly Agree', 'Strongly Agree', 'Strongly Agree', 'Strongly Agree', 'Strongly Agree', 'Strongly Agree', 'Strongly Agree', 'Strongly Agree', 'Strongly Agree', 'Strongly Agree', 'Strongly Agree', 'Strongly Agree', 'Strongly Agree', 'Strongly Agree'),
(77, 77, 'HIS C101- Readings in Philippine History', '2019/09/30 4:29:30 PM GMT+8', 'Strongly Agree', 'Agree', 'Agree', 'Disagree', 'Disagree', 'Agree', 'Agree', 'Agree', 'Agree', 'Agree', 'Strongly Disagree', 'Strongly Disagree', 'Disagree', 'Agree', 'Agree', 'Agree', 'Agree', 'Agree', 'Strongly Agree', 'Agree', 'Disagree'),
(78, 78, 'HIS C101- Readings in Philippine History', '2019/09/30 4:29:37 PM GMT+8', 'Strongly Agree', 'Agree', 'Strongly Agree', 'Agree', 'Agree', 'Agree', 'Agree', 'Agree', 'Strongly Agree', 'Agree', 'Agree', 'Agree', 'Agree', 'Agree', 'Strongly Agree', 'Strongly Agree', 'Strongly Agree', 'Strongly Agree', 'Strongly Agree', 'Strongly Agree', 'Strongly Agree'),
(79, 79, 'HIS C101- Readings in Philippine History', '2019/09/30 4:31:26 PM GMT+8', 'Strongly Agree', 'Disagree', 'Agree', 'Agree', 'Strongly Agree', 'Strongly Agree', 'Strongly Agree', 'Strongly Agree', 'Strongly Agree', 'Disagree', 'Strongly Agree', 'Strongly Agree', 'Strongly Agree', 'Strongly Agree', 'Strongly Agree', 'Strongly Agree', 'Strongly Agree', 'Strongly Agree', 'Strongly Agree', 'Strongly Agree', 'Strongly Agree'),
(80, 80, 'HIS C101- Readings in Philippine History', '2019/10/01 4:55:12 PM GMT+8', 'Strongly Agree', 'Strongly Agree', 'Strongly Agree', 'Strongly Agree', 'Strongly Agree', 'Strongly Agree', 'Strongly Agree', 'Strongly Agree', 'Strongly Agree', 'Strongly Agree', 'Strongly Agree', 'Strongly Agree', 'Strongly Agree', 'Strongly Agree', 'Strongly Agree', 'Strongly Agree', 'Strongly Agree', 'Strongly Agree', 'Strongly Agree', 'Strongly Agree', 'Strongly Agree'),
(81, 81, 'HIS C101- Readings in Philippine History', '2019/10/01 4:57:48 PM GMT+8', 'Agree', 'Agree', 'Agree', 'Agree', 'Agree', 'Agree', 'Agree', 'Agree', 'Agree', 'Agree', 'Agree', 'Agree', 'Agree', 'Strongly Agree', 'Strongly Agree', 'Strongly Agree', 'Strongly Agree', 'Strongly Agree', 'Strongly Agree', 'Strongly Agree', 'Strongly Agree'),
(82, 82, 'HIS C101- Readings in Philippine History', '2019/10/01 4:57:57 PM GMT+8', 'Strongly Agree', 'Strongly Agree', 'Strongly Agree', 'Strongly Agree', 'Strongly Agree', 'Strongly Agree', 'Strongly Agree', 'Strongly Agree', 'Strongly Agree', 'Strongly Agree', 'Strongly Agree', 'Strongly Agree', 'Strongly Agree', 'Strongly Agree', 'Strongly Agree', 'Strongly Agree', 'Strongly Agree', 'Strongly Agree', 'Strongly Agree', 'Strongly Agree', 'Strongly Agree'),
(83, 83, 'HIS C101- Readings in Philippine History', '2019/10/01 5:00:18 PM GMT+8', 'Strongly Agree', 'Strongly Agree', 'Strongly Agree', 'Strongly Agree', 'Strongly Agree', 'Strongly Agree', 'Strongly Agree', 'Agree', 'Agree', 'Agree', 'Strongly Agree', 'Strongly Agree', 'Strongly Agree', 'Agree', 'Agree', 'Agree', 'Agree', 'Disagree', 'Agree', 'Disagree', 'Agree'),
(84, 84, 'HIS C101- Readings in Philippine History', '2019/10/01 5:03:22 PM GMT+8', 'Strongly Agree', 'Strongly Agree', 'Strongly Agree', 'Strongly Agree', 'Strongly Agree', 'Strongly Agree', 'Strongly Agree', 'Strongly Agree', 'Strongly Agree', 'Strongly Agree', 'Strongly Agree', 'Strongly Agree', 'Strongly Agree', 'Strongly Agree', 'Strongly Agree', 'Strongly Agree', 'Strongly Agree', 'Strongly Disagree', 'Strongly Agree', 'Strongly Disagree', 'Strongly Agree'),
(85, 85, 'HIS C101- Readings in Philippine History', '2019/10/01 5:04:26 PM GMT+8', 'Strongly Agree', 'Strongly Agree', 'Strongly Agree', 'Strongly Agree', 'Strongly Agree', 'Strongly Agree', 'Strongly Agree', 'Strongly Agree', 'Strongly Agree', 'Strongly Agree', 'Strongly Agree', 'Strongly Agree', 'Strongly Agree', 'Strongly Agree', 'Strongly Agree', 'Strongly Agree', 'Strongly Agree', 'Strongly Agree', 'Strongly Agree', 'Strongly Agree', 'Strongly Agree'),
(86, 86, 'HIS C101- Readings in Philippine History', '2019/10/01 5:04:47 PM GMT+8', 'Strongly Agree', 'Strongly Agree', 'Strongly Agree', 'Strongly Agree', 'Strongly Agree', 'Strongly Agree', 'Strongly Agree', 'Strongly Agree', 'Strongly Agree', 'Strongly Agree', 'Strongly Agree', 'Strongly Agree', 'Strongly Agree', 'Strongly Agree', 'Strongly Agree', 'Strongly Agree', 'Strongly Agree', 'Strongly Agree', 'Strongly Agree', 'Strongly Agree', 'Strongly Agree'),
(87, 87, 'HIS C101- Readings in Philippine History', '2019/10/01 5:05:00 PM GMT+8', 'Agree', 'Agree', 'Agree', 'Agree', 'Agree', 'Agree', 'Agree', 'Agree', 'Agree', 'Agree', 'Agree', 'Agree', 'Agree', 'Agree', 'Agree', 'Agree', 'Agree', 'Strongly Agree', 'Strongly Agree', 'Strongly Agree', 'Agree'),
(88, 88, 'HIS C101- Readings in Philippine History', '2019/10/01 5:05:06 PM GMT+8', 'Strongly Agree', 'Strongly Agree', 'Strongly Agree', 'Strongly Agree', 'Strongly Agree', 'Strongly Agree', 'Strongly Agree', 'Strongly Agree', 'Strongly Agree', 'Strongly Agree', 'Strongly Agree', 'Strongly Agree', 'Strongly Agree', 'Strongly Agree', 'Strongly Agree', 'Strongly Agree', 'Strongly Agree', 'Strongly Agree', 'Strongly Agree', 'Strongly Agree', 'Strongly Agree'),
(89, 89, 'HIS C101- Readings in Philippine History', '2019/10/01 5:05:36 PM GMT+8', 'Strongly Agree', 'Strongly Agree', 'Strongly Agree', 'Strongly Agree', 'Strongly Agree', 'Strongly Agree', 'Strongly Agree', 'Strongly Agree', 'Strongly Agree', 'Strongly Agree', 'Strongly Agree', 'Strongly Agree', 'Strongly Agree', 'Strongly Agree', 'Strongly Agree', 'Strongly Agree', 'Strongly Agree', 'Strongly Agree', 'Strongly Agree', 'Strongly Agree', 'Strongly Agree'),
(90, 90, 'HIS C101- Readings in Philippine History', '2019/10/01 5:05:51 PM GMT+8', 'Strongly Agree', 'Strongly Agree', 'Strongly Agree', 'Strongly Agree', 'Strongly Agree', 'Strongly Agree', 'Strongly Agree', 'Strongly Agree', 'Strongly Agree', 'Strongly Agree', 'Strongly Agree', 'Strongly Agree', 'Strongly Agree', 'Strongly Agree', 'Strongly Agree', 'Strongly Agree', 'Strongly Agree', 'Strongly Agree', 'Strongly Agree', 'Strongly Agree', 'Strongly Agree'),
(91, 91, 'HIS C101- Readings in Philippine History', '2019/10/01 5:06:24 PM GMT+8', 'Agree', 'Agree', 'Strongly Agree', 'Strongly Agree', 'Strongly Agree', 'Agree', 'Agree', 'Strongly Agree', 'Strongly Agree', 'Disagree', 'Agree', 'Agree', 'Strongly Agree', 'Strongly Agree', 'Strongly Agree', 'Strongly Agree', 'Strongly Agree', 'Strongly Agree', 'Strongly Agree', 'Strongly Agree', 'Strongly Agree'),
(92, 92, 'HIS C101- Readings in Philippine History', '2019/10/01 5:07:12 PM GMT+8', 'Strongly Agree', 'Strongly Agree', 'Strongly Agree', 'Disagree', 'Strongly Agree', 'Strongly Agree', 'Strongly Agree', 'Agree', 'Strongly Agree', 'Agree', 'Strongly Agree', 'Agree', 'Strongly Agree', 'Strongly Agree', 'Strongly Agree', 'Agree', 'Strongly Agree', 'Strongly Agree', 'Strongly Agree', 'Strongly Agree', 'Strongly Agree'),
(93, 93, 'HIS C101- Readings in Philippine History', '2019/10/01 5:08:14 PM GMT+8', 'Strongly Agree', 'Strongly Agree', 'Strongly Agree', 'Strongly Agree', 'Strongly Agree', 'Strongly Agree', 'Strongly Agree', 'Strongly Agree', 'Strongly Agree', 'Strongly Agree', 'Strongly Agree', 'Strongly Agree', 'Strongly Agree', 'Strongly Agree', 'Strongly Agree', 'Strongly Agree', 'Strongly Agree', 'Strongly Agree', 'Strongly Agree', 'Strongly Agree', 'Strongly Agree'),
(94, 94, 'HIS C101- Readings in Philippine History', '2019/10/01 5:08:38 PM GMT+8', 'Strongly Agree', 'Strongly Agree', 'Strongly Agree', 'Strongly Agree', 'Strongly Agree', 'Strongly Agree', 'Strongly Agree', 'Strongly Agree', 'Strongly Agree', 'Strongly Agree', 'Strongly Agree', 'Strongly Agree', 'Strongly Agree', 'Strongly Agree', 'Strongly Agree', 'Strongly Agree', 'Strongly Agree', 'Strongly Disagree', 'Strongly Disagree', 'Strongly Disagree', 'Strongly Agree'),
(95, 95, 'HIS C101- Readings in Philippine History', '2019/10/01 5:08:41 PM GMT+8', 'Strongly Agree', 'Strongly Agree', 'Strongly Agree', 'Strongly Agree', 'Strongly Agree', 'Strongly Agree', 'Strongly Agree', 'Strongly Agree', 'Strongly Agree', 'Strongly Agree', 'Strongly Agree', 'Strongly Agree', 'Strongly Agree', 'Strongly Agree', 'Strongly Agree', 'Strongly Agree', 'Strongly Agree', 'Strongly Agree', 'Strongly Agree', 'Strongly Agree', 'Strongly Agree'),
(96, 96, 'HIS C101- Readings in Philippine History', '2019/10/01 5:09:11 PM GMT+8', 'Strongly Agree', 'Strongly Agree', 'Strongly Agree', 'Agree', 'Strongly Agree', 'Strongly Agree', 'Strongly Agree', 'Strongly Agree', 'Strongly Agree', 'Strongly Agree', 'Strongly Agree', 'Strongly Agree', 'Strongly Agree', 'Strongly Agree', 'Strongly Agree', 'Strongly Agree', 'Strongly Agree', 'Strongly Agree', 'Agree', 'Disagree', 'Strongly Agree'),
(97, 97, 'HIS C101- Readings in Philippine History', '2019/10/01 5:09:15 PM GMT+8', 'Strongly Agree', 'Strongly Agree', 'Strongly Agree', 'Strongly Agree', 'Strongly Agree', 'Strongly Agree', 'Strongly Agree', 'Strongly Agree', 'Strongly Agree', 'Strongly Agree', 'Strongly Agree', 'Strongly Agree', 'Strongly Agree', 'Strongly Agree', 'Strongly Agree', 'Strongly Agree', 'Strongly Agree', 'Strongly Agree', 'Strongly Agree', 'Strongly Agree', 'Strongly Agree'),
(98, 98, 'HIS C101- Readings in Philippine History', '2019/10/01 5:09:35 PM GMT+8', 'Strongly Agree', 'Agree', 'Strongly Agree', 'Strongly Agree', 'Strongly Agree', 'Strongly Agree', 'Strongly Agree', 'Strongly Agree', 'Strongly Agree', 'Strongly Agree', 'Strongly Agree', 'Strongly Agree', 'Strongly Agree', 'Strongly Agree', 'Agree', 'Agree', 'Agree', 'Strongly Agree', 'Disagree', 'Agree', 'Strongly Agree'),
(99, 99, 'HIS C101- Readings in Philippine History', '2019/10/01 5:10:01 PM GMT+8', 'Strongly Agree', 'Strongly Agree', 'Strongly Agree', 'Strongly Agree', 'Disagree', 'Strongly Agree', 'Disagree', 'Disagree', 'Strongly Agree', 'Strongly Agree', 'Disagree', 'Strongly Disagree', 'Strongly Disagree', 'Strongly Disagree', 'Strongly Agree', 'Strongly Disagree', 'Strongly Disagree', 'Strongly Disagree', 'Strongly Agree', 'Strongly Disagree', 'Strongly Disagree'),
(100, 100, 'HIS C101- Readings in Philippine History', '2019/10/01 5:10:37 PM GMT+8', 'Agree', 'Agree', 'Strongly Agree', 'Agree', 'Agree', 'Disagree', 'Agree', 'Strongly Agree', 'Strongly Agree', 'Agree', 'Agree', 'Agree', 'Agree', 'Agree', 'Agree', 'Agree', 'Agree', 'Agree', 'Agree', 'Agree', 'Agree'),
(101, 101, 'HIS C101- Readings in Philippine History', '2019/10/01 5:10:49 PM GMT+8', 'Strongly Agree', 'Strongly Agree', 'Agree', 'Strongly Agree', 'Strongly Agree', 'Strongly Agree', 'Strongly Agree', 'Strongly Agree', 'Strongly Agree', 'Strongly Agree', 'Strongly Agree', 'Agree', 'Strongly Agree', 'Agree', 'Strongly Agree', 'Strongly Agree', 'Strongly Agree', 'Strongly Agree', 'Strongly Agree', 'Strongly Agree', 'Strongly Agree'),
(102, 102, 'HIS C101- Readings in Philippine History', '2019/10/01 5:11:26 PM GMT+8', 'Strongly Agree', 'Strongly Agree', 'Strongly Agree', 'Strongly Agree', 'Strongly Agree', 'Strongly Agree', 'Strongly Agree', 'Strongly Agree', 'Strongly Agree', 'Strongly Agree', 'Strongly Agree', 'Strongly Agree', 'Strongly Agree', 'Strongly Agree', 'Strongly Agree', 'Strongly Agree', 'Strongly Agree', 'Strongly Agree', 'Strongly Agree', 'Strongly Agree', 'Strongly Agree'),
(103, 103, 'HIS C101- Readings in Philippine History', '2019/10/01 5:11:42 PM GMT+8', 'Strongly Agree', 'Agree', 'Strongly Agree', 'Strongly Agree', 'Strongly Agree', 'Strongly Agree', 'Strongly Agree', 'Agree', 'Strongly Agree', 'Strongly Agree', 'Strongly Agree', 'Strongly Agree', 'Strongly Agree', 'Strongly Agree', 'Strongly Agree', 'Strongly Agree', 'Strongly Agree', 'Strongly Disagree', 'Strongly Agree', 'Strongly Agree', 'Strongly Agree'),
(104, 104, 'HIS C101- Readings in Philippine History', '2019/10/01 5:11:45 PM GMT+8', 'Strongly Agree', 'Strongly Agree', 'Strongly Agree', 'Strongly Agree', 'Strongly Agree', 'Strongly Agree', 'Strongly Agree', 'Strongly Agree', 'Strongly Agree', 'Strongly Agree', 'Strongly Agree', 'Strongly Agree', 'Strongly Agree', 'Strongly Agree', 'Strongly Agree', 'Strongly Agree', 'Strongly Agree', 'Strongly Agree', 'Strongly Agree', 'Strongly Agree', 'Strongly Agree'),
(105, 105, 'HIS C101- Readings in Philippine History', '2019/10/01 5:12:58 PM GMT+8', 'Strongly Agree', 'Strongly Agree', 'Strongly Agree', 'Strongly Agree', 'Strongly Agree', 'Strongly Agree', 'Disagree', 'Strongly Agree', 'Strongly Disagree', 'Strongly Disagree', 'Strongly Agree', 'Strongly Disagree', 'Strongly Disagree', 'Strongly Agree', 'Strongly Agree', 'Strongly Agree', 'Strongly Agree', 'Strongly Agree', 'Strongly Agree', 'Strongly Agree', 'Strongly Agree'),
(106, 106, 'HIS C101- Readings in Philippine History', '2019/10/01 5:13:14 PM GMT+8', 'Strongly Agree', 'Strongly Agree', 'Strongly Agree', 'Agree', 'Strongly Agree', 'Strongly Agree', 'Disagree', 'Disagree', 'Strongly Agree', 'Disagree', 'Agree', 'Agree', 'Agree', 'Strongly Agree', 'Strongly Agree', 'Strongly Agree', 'Strongly Agree', 'Agree', 'Strongly Agree', 'Strongly Agree', 'Disagree'),
(107, 107, 'HIS C101- Readings in Philippine History', '2019/10/01 5:13:29 PM GMT+8', 'Strongly Agree', 'Strongly Agree', 'Strongly Agree', 'Strongly Disagree', 'Strongly Agree', 'Strongly Agree', 'Strongly Disagree', 'Strongly Agree', 'Strongly Agree', 'Strongly Disagree', 'Strongly Agree', 'Strongly Disagree', 'Strongly Disagree', 'Strongly Agree', 'Strongly Agree', 'Strongly Agree', 'Strongly Agree', 'Strongly Agree', 'Strongly Agree', 'Strongly Agree', 'Strongly Agree'),
(108, 108, 'HIS C101- Readings in Philippine History', '2019/10/01 5:14:05 PM GMT+8', 'Strongly Agree', 'Strongly Agree', 'Strongly Agree', 'Strongly Agree', 'Strongly Agree', 'Strongly Agree', 'Strongly Agree', 'Strongly Agree', 'Strongly Agree', 'Strongly Agree', 'Strongly Agree', 'Strongly Agree', 'Strongly Agree', 'Strongly Agree', 'Strongly Agree', 'Strongly Agree', 'Strongly Agree', 'Strongly Agree', 'Strongly Agree', 'Agree', 'Strongly Agree'),
(109, 109, 'HIS C101- Readings in Philippine History', '2019/10/01 5:14:47 PM GMT+8', 'Strongly Agree', 'Strongly Agree', 'Strongly Agree', 'Strongly Agree', 'Strongly Agree', 'Strongly Agree', 'Strongly Agree', 'Strongly Agree', 'Agree', 'Strongly Agree', 'Strongly Agree', 'Strongly Agree', 'Strongly Agree', 'Strongly Agree', 'Strongly Agree', 'Strongly Agree', 'Strongly Agree', 'Strongly Agree', 'Strongly Agree', 'Strongly Agree', 'Strongly Agree'),
(110, 110, 'HIS C101- Readings in Philippine History', '2019/10/01 5:15:11 PM GMT+8', 'Strongly Agree', 'Strongly Agree', 'Strongly Agree', 'Strongly Agree', 'Strongly Agree', 'Strongly Agree', 'Strongly Agree', 'Strongly Agree', 'Strongly Agree', 'Strongly Agree', 'Strongly Agree', 'Strongly Agree', 'Strongly Agree', 'Strongly Agree', 'Strongly Agree', 'Strongly Agree', 'Strongly Agree', 'Strongly Agree', 'Strongly Agree', 'Strongly Agree', 'Strongly Agree'),
(111, 111, 'HIS C101- Readings in Philippine History', '2019/10/01 5:15:17 PM GMT+8', 'Strongly Agree', 'Strongly Agree', 'Strongly Agree', 'Strongly Agree', 'Strongly Agree', 'Disagree', 'Strongly Agree', 'Strongly Agree', 'Strongly Agree', 'Strongly Agree', 'Strongly Agree', 'Strongly Agree', 'Strongly Agree', 'Strongly Agree', 'Strongly Agree', 'Strongly Agree', 'Strongly Agree', 'Strongly Agree', 'Strongly Agree', 'Strongly Agree', 'Strongly Agree'),
(112, 112, 'HIS C101- Readings in Philippine History', '2019/10/01 5:17:52 PM GMT+8', 'Strongly Agree', 'Strongly Agree', 'Strongly Agree', 'Strongly Agree', 'Strongly Agree', 'Strongly Agree', 'Strongly Agree', 'Strongly Agree', 'Strongly Agree', 'Strongly Agree', 'Strongly Agree', 'Strongly Agree', 'Strongly Agree', 'Strongly Agree', 'Strongly Agree', 'Strongly Agree', 'Strongly Agree', 'Strongly Agree', 'Strongly Agree', 'Strongly Agree', 'Strongly Agree'),
(113, 113, 'HIS C101- Readings in Philippine History', '2019/10/01 5:18:01 PM GMT+8', 'Agree', 'Agree', 'Strongly Agree', 'Agree', 'Strongly Agree', 'Strongly Agree', 'Disagree', 'Strongly Agree', 'Strongly Agree', 'Strongly Agree', 'Strongly Agree', 'Strongly Agree', 'Strongly Agree', 'Strongly Agree', 'Strongly Agree', 'Strongly Agree', 'Strongly Agree', 'Strongly Agree', 'Strongly Agree', 'Strongly Agree', 'Strongly Agree');
INSERT INTO `likert` (`id`, `user_id`, `course_name`, `timestamp`, `a1`, `a2`, `a3`, `a4`, `a5`, `a6`, `a7`, `a8`, `a9`, `a10`, `a11`, `a12`, `a13`, `a14`, `i1`, `i2`, `i3`, `ac1`, `ac2`, `ac3`, `ac4`) VALUES
(114, 114, 'HIS C101- Readings in Philippine History', '2019/10/01 5:18:22 PM GMT+8', 'Strongly Agree', 'Strongly Agree', 'Strongly Agree', 'Strongly Agree', 'Strongly Disagree', 'Strongly Agree', 'Strongly Agree', 'Strongly Agree', 'Strongly Agree', 'Strongly Agree', 'Strongly Agree', 'Strongly Agree', 'Strongly Agree', 'Strongly Agree', 'Strongly Agree', 'Strongly Agree', 'Strongly Agree', 'Strongly Agree', 'Strongly Agree', 'Strongly Agree', 'Strongly Agree'),
(115, 115, 'HIS C101- Readings in Philippine History', '2019/10/01 5:18:38 PM GMT+8', 'Strongly Agree', 'Strongly Agree', 'Agree', 'Strongly Agree', 'Disagree', 'Agree', 'Strongly Agree', 'Strongly Agree', 'Agree', 'Strongly Agree', 'Agree', 'Strongly Agree', 'Agree', 'Strongly Agree', 'Strongly Agree', 'Disagree', 'Strongly Agree', 'Strongly Agree', 'Strongly Agree', 'Agree', 'Agree'),
(116, 116, 'HIS C101- Readings in Philippine History', '2019/10/01 5:18:58 PM GMT+8', 'Strongly Agree', 'Strongly Agree', 'Strongly Agree', 'Agree', 'Strongly Agree', 'Strongly Agree', 'Strongly Agree', 'Strongly Agree', 'Strongly Agree', 'Strongly Agree', 'Strongly Agree', 'Strongly Agree', 'Strongly Agree', 'Strongly Agree', 'Strongly Agree', 'Strongly Agree', 'Strongly Agree', 'Strongly Agree', 'Strongly Agree', 'Strongly Agree', 'Strongly Agree'),
(117, 117, 'HIS C101- Readings in Philippine History', '2019/10/01 5:20:01 PM GMT+8', 'Strongly Agree', 'Strongly Agree', 'Strongly Agree', 'Strongly Agree', 'Strongly Agree', 'Strongly Agree', 'Strongly Agree', 'Strongly Agree', 'Strongly Agree', 'Strongly Agree', 'Strongly Agree', 'Strongly Agree', 'Strongly Agree', 'Strongly Agree', 'Strongly Agree', 'Strongly Agree', 'Strongly Agree', 'Strongly Agree', 'Strongly Agree', 'Strongly Agree', 'Strongly Agree'),
(118, 118, 'HIS C101- Readings in Philippine History', '2019/10/01 5:23:32 PM GMT+8', 'Strongly Agree', 'Strongly Agree', 'Strongly Agree', 'Strongly Agree', 'Strongly Agree', 'Strongly Agree', 'Strongly Agree', 'Strongly Agree', 'Strongly Agree', 'Strongly Agree', 'Strongly Agree', 'Strongly Agree', 'Strongly Agree', 'Strongly Agree', 'Strongly Agree', 'Strongly Agree', 'Strongly Agree', 'Strongly Agree', 'Strongly Agree', 'Strongly Agree', 'Strongly Agree'),
(119, 119, 'HIS C101- Readings in Philippine History', '2019/10/01 6:03:04 PM GMT+8', 'Strongly Agree', 'Strongly Agree', 'Strongly Agree', 'Strongly Agree', 'Strongly Agree', 'Strongly Agree', 'Strongly Agree', 'Strongly Agree', 'Strongly Agree', 'Strongly Agree', 'Agree', 'Strongly Agree', 'Agree', 'Strongly Agree', 'Strongly Agree', 'Strongly Agree', 'Strongly Agree', 'Strongly Agree', 'Strongly Agree', 'Agree', 'Strongly Agree'),
(120, 120, 'HIS C101- Readings in Philippine History', '2019/09/30 6:27:14 PM GMT+8', 'Strongly Agree', 'Strongly Agree', 'Strongly Agree', 'Strongly Agree', 'Strongly Agree', 'Strongly Agree', 'Strongly Agree', 'Strongly Agree', 'Strongly Agree', 'Strongly Agree', 'Strongly Agree', 'Strongly Agree', 'Strongly Agree', 'Strongly Agree', 'Strongly Agree', 'Strongly Agree', 'Strongly Agree', 'Strongly Agree', 'Strongly Agree', 'Strongly Agree', 'Strongly Agree'),
(121, 121, 'HIS C101- Readings in Philippine History', '2019/09/30 6:29:09 PM GMT+8', 'Strongly Agree', 'Strongly Agree', 'Strongly Agree', 'Strongly Agree', 'Agree', 'Strongly Agree', 'Strongly Agree', 'Strongly Agree', 'Strongly Agree', 'Agree', 'Agree', 'Strongly Agree', 'Agree', 'Strongly Agree', 'Strongly Agree', 'Strongly Agree', 'Strongly Agree', 'Strongly Agree', 'Strongly Agree', 'Strongly Agree', 'Strongly Agree'),
(122, 122, 'HIS C101- Readings in Philippine History', '2019/09/30 6:30:44 PM GMT+8', 'Strongly Disagree', 'Strongly Agree', 'Strongly Agree', 'Strongly Agree', 'Strongly Agree', 'Strongly Agree', 'Strongly Agree', 'Strongly Agree', 'Strongly Agree', 'Strongly Agree', 'Strongly Agree', 'Strongly Agree', 'Strongly Agree', 'Strongly Agree', 'Strongly Agree', 'Strongly Agree', 'Strongly Agree', 'Strongly Agree', 'Strongly Agree', 'Strongly Agree', 'Strongly Agree'),
(123, 123, 'HIS C101- Readings in Philippine History', '2019/09/30 6:31:21 PM GMT+8', 'Strongly Agree', 'Agree', 'Strongly Agree', 'Strongly Agree', 'Strongly Agree', 'Strongly Agree', 'Strongly Agree', 'Strongly Agree', 'Strongly Agree', 'Strongly Agree', 'Strongly Agree', 'Strongly Agree', 'Agree', 'Agree', 'Strongly Agree', 'Strongly Agree', 'Agree', 'Strongly Agree', 'Strongly Agree', 'Strongly Agree', 'Strongly Agree'),
(124, 124, 'HIS C101- Readings in Philippine History', '2019/09/30 6:31:25 PM GMT+8', 'Strongly Agree', 'Strongly Agree', 'Strongly Agree', 'Strongly Agree', 'Strongly Agree', 'Strongly Agree', 'Strongly Agree', 'Strongly Agree', 'Strongly Agree', 'Agree', 'Strongly Agree', 'Strongly Agree', 'Strongly Agree', 'Strongly Agree', 'Strongly Agree', 'Strongly Agree', 'Strongly Agree', 'Strongly Agree', 'Strongly Agree', 'Strongly Agree', 'Strongly Agree'),
(125, 125, 'HIS C101- Readings in Philippine History', '2019/09/30 6:32:31 PM GMT+8', 'Disagree', 'Strongly Agree', 'Disagree', 'Strongly Agree', 'Strongly Agree', 'Strongly Agree', 'Strongly Agree', 'Strongly Agree', 'Strongly Agree', 'Strongly Agree', 'Strongly Agree', 'Strongly Agree', 'Strongly Agree', 'Strongly Agree', 'Strongly Agree', 'Strongly Agree', 'Strongly Agree', 'Strongly Agree', 'Strongly Agree', 'Strongly Agree', 'Strongly Agree'),
(126, 126, 'HIS C101- Readings in Philippine History', '2019/09/30 6:33:13 PM GMT+8', 'Strongly Agree', 'Strongly Agree', 'Strongly Agree', 'Strongly Agree', 'Strongly Agree', 'Strongly Agree', 'Strongly Agree', 'Strongly Agree', 'Strongly Agree', 'Strongly Agree', 'Strongly Agree', 'Strongly Agree', 'Strongly Agree', 'Strongly Agree', 'Strongly Agree', 'Strongly Agree', 'Strongly Agree', 'Strongly Agree', 'Strongly Agree', 'Strongly Agree', 'Strongly Agree'),
(127, 127, 'HIS C101- Readings in Philippine History', '2019/09/30 6:33:20 PM GMT+8', 'Strongly Agree', 'Strongly Agree', 'Strongly Agree', 'Strongly Agree', 'Strongly Agree', 'Strongly Agree', 'Strongly Agree', 'Strongly Agree', 'Strongly Agree', 'Strongly Agree', 'Strongly Agree', 'Strongly Agree', 'Strongly Agree', 'Strongly Agree', 'Strongly Agree', 'Strongly Agree', 'Strongly Agree', 'Strongly Agree', 'Strongly Agree', 'Strongly Agree', 'Strongly Agree'),
(128, 128, 'HIS C101- Readings in Philippine History', '2019/09/30 6:34:43 PM GMT+8', 'Strongly Agree', 'Agree', 'Agree', 'Agree', 'Strongly Agree', 'Strongly Agree', 'Agree', 'Strongly Agree', 'Agree', 'Agree', 'Strongly Disagree', 'Agree', 'Strongly Agree', 'Agree', 'Strongly Agree', 'Strongly Agree', 'Strongly Agree', 'Disagree', 'Strongly Agree', 'Strongly Agree', 'Strongly Agree'),
(129, 129, 'HIS C101- Readings in Philippine History', '2019/09/30 6:35:12 PM GMT+8', 'Strongly Agree', 'Strongly Agree', 'Strongly Agree', 'Strongly Agree', 'Strongly Agree', 'Strongly Agree', 'Strongly Disagree', 'Strongly Agree', 'Strongly Agree', 'Strongly Agree', 'Strongly Disagree', 'Strongly Agree', 'Strongly Agree', 'Strongly Agree', 'Strongly Agree', 'Strongly Agree', 'Strongly Agree', 'Strongly Agree', 'Strongly Agree', 'Strongly Agree', 'Strongly Agree'),
(130, 130, 'HIS C101- Readings in Philippine History', '2019/09/30 6:36:03 PM GMT+8', 'Strongly Disagree', 'Strongly Agree', 'Disagree', 'Disagree', 'Disagree', 'Disagree', 'Agree', 'Agree', 'Agree', 'Agree', 'Disagree', 'Disagree', 'Agree', 'Disagree', 'Disagree', 'Disagree', 'Disagree', 'Agree', 'Disagree', 'Disagree', 'Disagree'),
(131, 131, 'HIS C101- Readings in Philippine History', '2019/09/30 6:36:34 PM GMT+8', 'Strongly Agree', 'Strongly Agree', 'Strongly Agree', 'Strongly Agree', 'Strongly Agree', 'Strongly Agree', 'Strongly Agree', 'Strongly Agree', 'Strongly Agree', 'Strongly Agree', 'Strongly Agree', 'Strongly Agree', 'Strongly Agree', 'Strongly Agree', 'Strongly Agree', 'Strongly Agree', 'Strongly Agree', 'Strongly Agree', 'Strongly Agree', 'Strongly Agree', 'Strongly Agree'),
(132, 132, 'HIS C101- Readings in Philippine History', '2019/09/30 6:37:14 PM GMT+8', 'Strongly Agree', 'Strongly Agree', 'Strongly Agree', 'Strongly Agree', 'Strongly Agree', 'Strongly Agree', 'Strongly Agree', 'Strongly Agree', 'Strongly Agree', 'Strongly Agree', 'Strongly Agree', 'Strongly Agree', 'Agree', 'Strongly Agree', 'Strongly Agree', 'Strongly Agree', 'Strongly Agree', 'Strongly Agree', 'Strongly Agree', 'Strongly Agree', 'Strongly Agree'),
(133, 133, 'HIS C101- Readings in Philippine History', '2019/09/30 6:39:35 PM GMT+8', 'Strongly Agree', 'Strongly Agree', 'Strongly Agree', 'Strongly Agree', 'Strongly Disagree', 'Strongly Agree', 'Strongly Agree', 'Strongly Agree', 'Strongly Agree', 'Strongly Agree', 'Strongly Agree', 'Strongly Agree', 'Strongly Agree', 'Strongly Agree', 'Strongly Agree', 'Strongly Agree', 'Strongly Agree', 'Strongly Agree', 'Strongly Agree', 'Strongly Agree', 'Strongly Agree'),
(134, 134, 'HIS C101- Readings in Philippine History', '2019/09/30 6:39:43 PM GMT+8', 'Strongly Agree', 'Strongly Agree', 'Strongly Agree', 'Disagree', 'Disagree', 'Strongly Agree', 'Strongly Agree', 'Strongly Agree', 'Agree', 'Strongly Agree', 'Agree', 'Strongly Agree', 'Strongly Agree', 'Strongly Agree', 'Strongly Agree', 'Agree', 'Strongly Agree', 'Strongly Agree', 'Strongly Agree', 'Strongly Agree', 'Strongly Agree'),
(135, 135, 'HIS C101- Readings in Philippine History', '2019/09/30 7:07:59 PM GMT+8', 'Strongly Agree', 'Strongly Agree', 'Strongly Agree', 'Strongly Agree', 'Strongly Agree', 'Strongly Agree', 'Strongly Agree', 'Strongly Agree', 'Strongly Agree', 'Strongly Agree', 'Strongly Agree', 'Strongly Agree', 'Strongly Agree', 'Strongly Agree', 'Strongly Agree', 'Strongly Agree', 'Strongly Agree', 'Strongly Agree', 'Strongly Agree', 'Strongly Agree', 'Strongly Agree'),
(136, 136, 'HIS C101- Readings in Philippine History', '2019/10/01 2:31:33 PM GMT+8', 'Strongly Agree', 'Strongly Agree', 'Strongly Agree', 'Strongly Agree', 'Strongly Agree', 'Strongly Agree', 'Strongly Agree', 'Strongly Agree', 'Strongly Agree', 'Strongly Agree', 'Strongly Agree', 'Strongly Agree', 'Strongly Agree', 'Strongly Agree', 'Strongly Agree', 'Strongly Agree', 'Strongly Agree', 'Strongly Agree', 'Strongly Agree', 'Strongly Agree', 'Strongly Agree'),
(137, 137, 'HIS C101- Readings in Philippine History', '2019/10/01 2:47:05 PM GMT+8', 'Strongly Agree', 'Strongly Agree', 'Strongly Agree', 'Strongly Disagree', 'Strongly Agree', 'Strongly Agree', 'Strongly Agree', 'Strongly Agree', 'Strongly Agree', 'Strongly Agree', 'Strongly Agree', 'Strongly Agree', 'Strongly Agree', 'Strongly Agree', 'Strongly Agree', 'Strongly Agree', 'Strongly Agree', 'Strongly Agree', 'Strongly Agree', 'Strongly Agree', 'Strongly Agree'),
(138, 138, 'HIS C101- Readings in Philippine History', '2019/10/02 7:33:59 AM GMT+8', 'Strongly Agree', 'Strongly Agree', 'Strongly Agree', 'Strongly Agree', 'Strongly Agree', 'Strongly Agree', 'Strongly Agree', 'Strongly Agree', 'Strongly Agree', 'Strongly Agree', 'Strongly Agree', 'Strongly Agree', 'Strongly Agree', 'Strongly Agree', 'Strongly Agree', 'Strongly Agree', 'Strongly Agree', 'Strongly Agree', 'Strongly Agree', 'Strongly Agree', 'Strongly Agree'),
(139, 139, 'HIS C101- Readings in Philippine History', '2019/10/03 12:29:58 AM GMT+8', 'Agree', 'Strongly Agree', 'Strongly Agree', 'Strongly Agree', 'Strongly Agree', 'Disagree', 'Strongly Agree', 'Strongly Agree', 'Strongly Agree', 'Strongly Agree', 'Strongly Agree', 'Strongly Agree', 'Strongly Agree', 'Strongly Agree', 'Strongly Agree', 'Strongly Agree', 'Strongly Agree', 'Agree', 'Disagree', 'Agree', 'Strongly Agree'),
(140, 140, 'HIS C101- Readings in Philippine History', '2019/10/03 3:07:30 PM GMT+8', 'Strongly Agree', 'Strongly Agree', 'Strongly Agree', 'Strongly Agree', 'Strongly Agree', 'Strongly Agree', 'Strongly Agree', 'Strongly Agree', 'Strongly Agree', 'Strongly Agree', 'Strongly Agree', 'Strongly Agree', 'Strongly Agree', 'Agree', 'Strongly Agree', 'Strongly Agree', 'Strongly Agree', 'Agree', 'Strongly Agree', 'Agree', 'Strongly Agree');

-- --------------------------------------------------------

--
-- Table structure for table `opinion`
--

CREATE TABLE `opinion` (
  `id` int(11) NOT NULL,
  `user_id` int(11) NOT NULL,
  `e1` varchar(255) NOT NULL,
  `e2` varchar(255) NOT NULL,
  `e3` varchar(255) NOT NULL
) ENGINE=InnoDB DEFAULT CHARSET=utf8mb4;

-- --------------------------------------------------------

--
-- Table structure for table `survey`
--

CREATE TABLE `survey` (
  `id` int(11) NOT NULL,
  `user_id` int(11) NOT NULL,
  `course_name` varchar(55) NOT NULL,
  `timestamp` varchar(70) NOT NULL,
  `a1` varchar(255) NOT NULL,
  `a2` varchar(255) NOT NULL,
  `a3` varchar(255) NOT NULL,
  `a4` varchar(255) NOT NULL,
  `a5` varchar(255) NOT NULL,
  `a6` varchar(255) NOT NULL,
  `a7` varchar(255) NOT NULL,
  `a8` varchar(255) NOT NULL,
  `a9` varchar(255) NOT NULL,
  `a10` varchar(255) NOT NULL,
  `a11` varchar(255) NOT NULL,
  `a12` varchar(255) NOT NULL,
  `a13` varchar(255) NOT NULL,
  `a14` varchar(255) NOT NULL,
  `i1` varchar(255) NOT NULL,
  `i2` varchar(255) NOT NULL,
  `i3` varchar(255) NOT NULL,
  `ac1` varchar(255) NOT NULL,
  `ac2` varchar(255) NOT NULL,
  `ac3` varchar(255) NOT NULL,
  `ac4` varchar(255) NOT NULL
) ENGINE=InnoDB DEFAULT CHARSET=utf8mb4;

--
-- Dumping data for table `survey`
--

INSERT INTO `survey` (`id`, `user_id`, `course_name`, `timestamp`, `a1`, `a2`, `a3`, `a4`, `a5`, `a6`, `a7`, `a8`, `a9`, `a10`, `a11`, `a12`, `a13`, `a14`, `i1`, `i2`, `i3`, `ac1`, `ac2`, `ac3`, `ac4`) VALUES
(1, 1, 'HIS C101- Readings in Philippine History', '2019/10/01 8:26:22 PM GMT+8', 'i can', 'i can', 'i can', 'i can', 'i can', 'i can', 'i can', 'i can', 'i can', 'i can', 'i can', 'i can', 'i can', 'i can', 'i can', 'i can', 'i can', 'i can', 'i can', 'i can', 'i can'),
(2, 2, 'HIS C101- Readings in Philippine History', '2019/10/01 8:28:11 PM GMT+8', 'i have no problems in log in ', 'i have no problem', 'i have no problem', 'i have no problem', 'i have no problem', 'i have no problem', 'i have no problem', 'i have no problem', 'i have no problem', 'i have no problem', 'i have no problem', 'i have no problem', 'i have no problem', 'i have no problem', 'i have no problem', 'i have no problem', 'i have no problem', 'i have no problem', 'i have no problem', 'i have no problem', 'i have no problem'),
(3, 3, 'HIS C101- Readings in Philippine History', '2019/10/01 8:30:46 PM GMT+8', 'I have no problems with it', 'I have no problems with it ', 'I have no problems with it ', 'I have no problems with it', 'I have no problems with it', 'I have no problems with it', 'I have no problems with it', 'I have no problems with it', 'I have no problems with it', 'I have no problems with it', 'I have no problems with it', 'I have no problems with it', 'I have no problems with it', 'I have no problems with it', 'I have no problems with it', 'I have no problems with it', 'I have no problems with it', 'I have no problems with it', 'I have no problems with it', 'I have no problems with it', 'Yes, I have no problems with it'),
(4, 4, 'HIS C101- Readings in Philippine History', '2019/10/01 8:30:52 PM GMT+8', 'i dont have problem in my canvas', 'i can easily login my canvas app in my mobile app', 'I can access my Canvas account using the available computers in JRU', 'i dont have problem in internet connection', 'i dont have problem with it', 'i dont have problem with it', 'i dont have problem with it', 'i dont have problem with it', 'i dont have problem with it', 'i dont have problem with it', 'i dont have problem with it', 'i dont have problem with it', 'i dont have problem with it', 'i dont have problem with it', 'i dont have problem with it', 'i dont have problem with it', 'i dont have problem with it', 'i dont have problem with it', 'i dont have problem with it', 'i dont have problem with it', 'i dont have problem with it'),
(5, 5, 'HIS C101- Readings in Philippine History', '2019/10/01 8:32:11 PM GMT+8', 'i have no problems', 'i can access my course', 'no problem in accessing my canvas', 'dont have issue', 'no problem with ', 'no problem', 'i understand', 'easy to recognize', 'i can manage', 'i can manage', 'i noticed the course material', 'i understand the lesson', 'im interested', 'the course materials helped me', 'yes she teach us how', 'yes she demonstrate', 'she encourage me', 'i can communicate easy', 'i have no problem with it', 'i have no problem with it', 'i have no problem with it'),
(6, 6, 'HIS C101- Readings in Philippine History', '2019/10/01 8:33:31 PM GMT+8', 'I have no problems in logging-in', 'i have no problems', 'but sometimes on a trusted device only', 'No problems every thing was fine', 'i can go to IT help Desk', 'Yes of course', 'When im alone', 'every things was fine', 'User friendly', 'User Friendly', 'Yes of course', 'Yes of course ', 'Yah yah yah XD', 'Yes of course ', 'She can navigate it well', 'sometimes ', 'And provoke me to use it ', 'in just 1 tap', 'Easy to access inside or outside the university', 'Yes of course ', 'Yes of course '),
(7, 7, 'HIS C101- Readings in Philippine History', '2019/10/01 8:35:01 PM GMT+8', 'I can access it with no problem.', 'I have no problem accessing course in my canvas app', 'There is no problem in accessing canvas jru computers', ' I have no issue', 'they fixed it immediately when my course in canvas cannot be found', 'I cant easily access it outside jru', 'I can undestand it and some are not', 'It is well organized', 'The dashboard is a big help to locate my courses', 'I have no problems', 'I have no problems', 'I can understand it', 'Makes me want to learn more', 'Its a big help for me to study', 'The modules are in the canvas', 'I can learn the topic easily', 'Teachers always says study at home because it is the purpose of canvas', 'We can send messages', 'I have no problem', 'It helps me prepare for examinations', 'They give a week the deadline of the activity'),
(8, 8, 'HIS C101- Readings in Philippine History', '2019/10/01 8:35:04 PM GMT+8', 'Its all good ', 'I have no application of canvas.   ', 'Its all good ', 'Thats a good thing, all good ', 'yes, easily and not took too long', 'Definitely yes', 'The lessons are well organized ', 'Thats what i said, well organized and well managed', 'yes it is, very fast', 'I have no applications of canvas due to the need of data or wifi', 'And thats help me so much', 'And through the face to face', 'So much knowledge ', 'Its help me to raise my hands ', 'Its very important to know', 'its good but sometimes she talked so fast', 'Always ', 'Yes, it really helps for us', 'Just because of the modules stated', 'Yes it is', 'The deadline of every activities are able us to do it before its too late. '),
(9, 9, 'HIS C101- Readings in Philippine History', '2019/10/01 8:35:09 PM GMT+8', 'i dont have problems in logging in', 'i can easily know where is the course given.', 'yes because computers have higher support system', 'Yes because internet connection is good in laboratories', 'yes because it dept in jru helps us', 'yes as long as you have internet', 'yes because modules are specified', 'sometimes yes and sometimes its not', 'yes because its user friendly', 'yes because it indicates where the courses are', 'yes because materials in canvas is what we used in face to face', 'yes because it makes it easy to have soft copy', 'because of its user friendly type', 'yes because canvas indicates due date each of this and notify me when something is neede to do or something is updated', 'yes because she can use it easily', 'she is very good in teaching it', 'yes because every materials is on canvass', 'yes because we have different kind of forums that can use', 'yes if it is still open', 'yes because its all related to my  course', 'sometimes because i know its due date and i can finish it on time'),
(10, 10, 'HIS C101- Readings in Philippine History', '2019/10/01 8:35:21 PM GMT+8', 'I have no problems logging In', 'I have no problems accessing my course', 'I have no problems accessing using canvas app in computer', 'I have no problems with wired connections', 'yes I easily get helped', 'I have no problems accessing canvas outside JRU', 'I have no problems with my lessons on canvas', 'i can easily recognize the modules', 'I have no problems with managing the navigation of the course', 'I have no problems navigate through the mobile app', 'some times it is sometimes its not', 'some times', 'some times it makes me interested', 'it really help', 'they are experts', 'yes because they are doctors', 'yes they do', 'yes it makes it easier', 'yes i can', 'yes I find it aligned ', 'yes I have given enough time '),
(11, 11, 'HIS C101- Readings in Philippine History', '2019/10/01 8:35:28 PM GMT+8', 'I don\'t problem in log in and lagout', 'I can easily access ', 'I can easily access', 'I have no any issues', 'I can easily get help\n', 'I can easily access', 'I can clearly understand', 'I can easily recognize', 'I can easily managae', 'I can easily manage', 'Yes I noticed that.', 'I understand alot.', 'The module of lectures', 'Very helpul to prepare.', 'Yes they know how to use it.', 'Sometimes but not all the meetings.', 'Yes, especially to read the modules.', 'Easily used for students.', 'I can answer easily.', 'Yes I find id easily.', 'Yes especially at weekends.'),
(12, 12, 'HIS C101- Readings in Philippine History', '2019/10/01 8:35:37 PM GMT+8', 'i have no problems in logging in', 'i have no problems accessing mobile canvas apps', 'i have no problems accessing canvas account', 'i have no issues accessing my canvas', 'i can easily get help', 'sometimes i cannot access my canvas in computer shop', 'i can clearly understand the lessons on canvas', 'i have no problem recognize the module', 'i have no problem manage the navigation', 'i can easily no problem manage the navigation', 'no problem about connection', 'i understand all the lessons better', 'i am more interesting using canvas', 'it helps me prepare ', 'My instructor knows how to use Canvas', 'My instructor demonstrated mastery of the subject matter', 'My instructor encourages me to use Canvas', 'Canvas has made it easy for me to', 'I can answer the assessment materials', 'yes perfectly', 'I have been give enough time to accomplish the activities on Canvas.'),
(13, 13, 'HIS C101- Readings in Philippine History', '2019/10/01 8:35:42 PM GMT+8', 'I have no problems when it comes to logging in and out on my canvas', 'I have no problems when I\'m using canvas app in my phone', 'I have no problems when I access my canvas account using computers in JRU', 'I have no issues with it', 'I have no issues with it', 'I have no problem with it', 'I have no problems with it', 'I can access modules in every subject', 'I have no issues with it', 'I have no issues with it', 'I have no issues with it because we tackle this during face to face discussion', 'It\'s a big help for us', 'It help me a lot', 'It\'s a big help', 'All of them know how to used it', 'They know a lot', 'Yes', 'It\'s convenient', 'It\'s agreat help', 'It\'s a great help', 'It takes time a week to submit all of our activities'),
(14, 14, 'HIS C101- Readings in Philippine History', '2019/10/01 8:36:35 PM GMT+8', 'i have no problem log in ', 'yes i can access my course using the mobile app', 'yes i can access my canvas account using the available computers', 'yes no issues', 'yes i can easily get help', 'yes I can access my Canvas account outside JRU', 'yes I can clearly understand the lessons on my Canvas modules.', 'yes i recognize ', 'yes i can easily manage', 'yes i can easily manage', 'no', 'yes i understand ', 'yes make me interested', 'yes can  canvas helped me prepare', 'yes ', 'yes', 'yes i encourages me to use Canvas', 'yes', 'yes I can answer the assessment materials', 'yes I find the course materials on Canvas', 'yes'),
(15, 15, 'HIS C101- Readings in Philippine History', '2019/10/01 8:36:44 PM GMT+8', 'i have no problem to log in', 'Sometimes i cant access', 'i can acces My canvas using free lab', 'i have no issues', 'i can easily get help when i have a problem in my canvas', 'i can acces my canvas outside jrui c', 'i can undestand clearly', 'i recognize', 'I can easily manage the navigation of my courses ', 'I can easily manage the navigation of my courses', 'i have no problem for this', 'I understand the lessons better ', 'Canvas course materials make me interested', 'course materials on Canvas helped me prepare for: Face to face discussions', 'yes she is better', 'My instructor demonstrated mastery of the subject matter', 'My instructor encourages me to use Canvas', 'Canvas has made it easy for me to: communicate with my instructor, receive class announcements', 'I can answer the assessment materials', 'I find the course materials on Canvas aligned with the', 'I have been give enough time to accomplish the activities on Canvas'),
(16, 16, 'HIS C101- Readings in Philippine History', '2019/10/01 8:36:56 PM GMT+8', 'I have no problems in logging in  and logging out', 'I have no problems in logging in and logging out.', 'Yes i can access my Canvas account using the available computers in JRU ', 'I have no issues accessing my Canvas account using the wired internet connection in the computer laboratories.', 'I can easily get help when I have problems with my Canvas account.', 'I can access my Canvas account outside JRU.', 'I can clearly understand the lessons on my Canvas modules.', 'I recognize that the modules in my course are well organized.', 'I can easily manage the navigation of the courses through the desktop version.', 'I can easily manage the navigation of the courses through the mobile app', 'I notice that course materials on Canvas have connection with the face to face (classroom) lesson content.', 'I understand the lessons better with the help of course materials in Canvas.', 'Canvas course materials make me interested.', 'it makes me prepare for anything.', 'My instructor knows how to use Canvas.', 'My instructor demonstrated mastery of the subject matter.', 'My instructor encourages me to use Canvas.', 'Canvas has made it easy for me to have communication.', 'I can answer the assessment materials (quiz, exam) posted in Canvas.', 'I find the course materials on Canvas aligned with everything', 'I have been give enough time to accomplish the activities on Canvas.'),
(17, 17, 'HIS C101- Readings in Philippine History', '2019/10/01 8:36:56 PM GMT+8', 'yes it easily log-in and log-out my account in canvas', 'I really can access my course using the mobile phone app', 'Yes i can access my canvas account using available computer in JRU.\nand easily to use it.', 'i have no issues accessing my canvas account using the wired internet connection in the computer laboratories.', 'i can easily get help when i have no problem with my canvas account ', 'i can access my canvas account outside the JRU. ', 'i can clearly understand the lessons on my canvas modules.', 'i recognize that he modules in my course are well organized. ', 'i really can easily manage the navigation of the course through the desktop version', 'I can easily manage the navigation of the courses through the mobile app', ' notice that course materials on Canvas have connection with the face to face (classroom) lesson content.', 'I understand the lessons better with the help of course materials in Canvas.', 'Canvas course materials make me interested.', 'The course materials on Canvas helped me prepare for: Face to face discussions, quizzes, major exams, assignments, forums, etc', 'My instructor knows how to use Canvas.', 'My instructor demonstrated mastery of the subject matter.', 'My instructor encourages me to use Canvas', 'Canvas has made it easy for me to: communicate with my instructor, receive class announcements, share ideas on group discussions.', 'I can answer the assessment materials (quiz, exam) posted in Canvas.', 'I find the course materials on Canvas aligned with the: quizzes, major exams, assignments, forums, etc.)', 'I have been give enough time to accomplish the activities on Canvas.'),
(18, 18, 'HIS C101- Readings in Philippine History', '2019/10/01 8:36:58 PM GMT+8', 'I have no any problem logging-in and out my Canvas account.', 'I can access easily the mobile Canvas app.', 'I don\'t have any problems using available computers in JRU.', 'I don\'t have any issues since it\'s wired, the possibility of disconnection is low.', 'The ITBL is approachable.', 'I don\'t have any problem accessing the canvas account outside jru.', 'The modules are well organized.', 'Easily manageable.', 'I don\'t have any problems in desktop version.', 'I don\'t have any problems in mobile app.', 'The modules are related to our lesson.', 'I can view the modules before class or anytime.', 'Canvas course materials are interesting.', 'I can review some of the modules.', 'Our instructor are well informed and know how to using canvas.', 'The instructor knows what she\'s teaching.', 'Our instructor always gives us a task to do in canvas.', 'If we need to communicate with instructor, canvas made easy for me.', 'I can answer it in time.', 'I can easily find the course materials.', 'The time given is a lot so we can complete the activities.'),
(19, 19, 'HIS C101- Readings in Philippine History', '2019/10/01 8:37:12 PM GMT+8', 'I have no problem in loggin in and out my Canvas Account.', 'Yes, I can access my course using the mobile Canvas app.', 'Yes, I can access my Canvas account using the available computers in JRU.', 'Yes, I have no issues accessing my Canvas account using the wired internet connection in the computer laboratories.', 'Yes, I can easily get help when I have problems with my Canvas account.', 'Yes, I can access my Canvas account outside JRU. ', 'Yes, I can clearly understand the lessons on my Canvas modules.', 'Yes, I recognize that the modules in my course are well organized.', 'Yes, I can easily manage the navigation of the courses through the desktop version.', 'Yes, I can easily manage the navigation of the courses through the mobile app.', 'Yes, I notice that course materials on Canvas have connection with the face to face (classroom) lesson content.', 'Yes, I understand the lessons better with the help of course materials in Canvas.', 'Yes, Canvas course materials make me interested.', 'Yes, The course materials on Canvas helped me prepare for: Face to face discussions, quizzes, major exams, assignments, forums, etc.', 'Yes, My instructor knows how to use Canvas.', 'Yes, My instructor demonstrated mastery of the subject matter.', 'Yes, My instructor encourages me to use Canvas.', 'Yes, Canvas has made it easy for me to: communicate with my instructor, receive class announcements, share ideas on group discussions ', 'Yes, I can answer the assessment materials (quiz, exam) posted in Canvas.', 'Yes, I find the course materials on Canvas aligned with the: quizzes, major exams, assignments, forums, etc.)', 'Yes, I have been give enough time to accomplish the activities on Canvas. '),
(20, 20, 'HIS C101- Readings in Philippine History', '2019/10/01 8:37:13 PM GMT+8', 'Easy to use', 'I can easily access my course using the mobile canvass app', 'easily to access canvass by gmail account', 'no issues in internet connection', 'absolutely', 'No issues on that situation', 'clear and simple', 'modules are well organized and simple', 'easily to manage ', 'no issues on navigating the courses through mobile ', 'easily to notify the course materials', 'no issues in this situation', 'it is easy and can be downloaded', 'it helps to review before taking exams', 'there  lecture is based from the canvas', 'our professors demonstrated well the lectures', 'by answering the forums and activities', 'beacuse they\'ve seen our progress', 'on time', 'no issues in this situation', 'plenty of time'),
(21, 21, 'HIS C101- Readings in Philippine History', '2019/10/01 8:37:19 PM GMT+8', 'i have no problems in login and out', 'i have no problems in accessing in mobile canvas app', 'i have no problems in accessing my canvas account', 'i have no issues in accessing my canvas account', 'i have no problems with my canvas account', 'i have no problems in accessing in mobile canvas in outside of jru', 'i have no problem lesson in my canvas', 'i have no problem ', 'i have no problem to this ', 'i have no problem to this ', 'i dont have connection in classroom', 'i have no problem to this ', 'i have no problem to this ', 'i have no problem to this ', 'i have no problem to this ', 'i have no problem to this ', 'i have no problem to this ', 'i have no problem to this ', 'i have no problem to this ', 'i have no problem to this ', 'i have no problem to this '),
(22, 22, 'HIS C101- Readings in Philippine History', '2019/10/01 8:38:25 PM GMT+8', 'I have no problems in logging in', 'I am not using the mobile app, I am still using the web version because sometimes I cannot use the canvas app because of some technical problems.', 'I have no problems in accessing my canvas account in the computer laboratories.', 'The internet connection is good and I am not experiencing difficulty in logging in.', 'The ITBL is open all times for support and inquiry.', 'my canvas account is accessible wherever I am as long as internet connection is available', 'Modules and Slides are very helpful.', 'They are sorted according to date uploaded.', 'The interface is smooth and user-friendly.', 'I am not using the mobile app. I am using the web version', 'Modules were further explained in face-toface discussion.', 'The notes were easy to understand.', 'There are facts in the modules that boost my interest in reading.', 'It is my guide for the next topics and also useed as reviewers and recitations.', 'We have no problems in using canvas', 'She uploaded necessary quizzes and modules for the subject.', 'Most of the quizzes and activities were uploaded in Canvas that is why I am always using it.', 'It is the best communication platform for students and professors.', 'The exams and quizzes are very handy.', 'The materials were connected with assessments given by the professor.', 'The completion time is long enough to complete activities.'),
(23, 23, 'HIS C101- Readings in Philippine History', '2019/10/01 8:38:29 PM GMT+8', 'I have no problems to log in it.', 'it easily to use and its not hard to open my account in app ', 'open lab is free to use that why  I can easily access my canvas account', 'i can access my canvas account in laboratories .', 'i can contact my professor if i encounter a problems in my canvas account.', 'it easily use if I have an internet in my home', 'its good that in my canvas account i can read modules about our lesson in my course to help me be you.', 'every week i see the date or weekly i can check my modules in canvas.', 'I can easily manage the navigation of the courses through the desktop version', 'I can easily manage the navigation of the courses .', 'its help me to be productive during the FACE TO FACE LESON ', 'I understand the lessons better with the help of course materials in Canvas. ', 'Canvas course materials make me interested.', 'Because the module in canvas is ican download it to read and understand.', 'Every time some of my professor teach in canvas module', 'My instructor demonstrated mastery of the subject matter, Yes for me', 'My instructor encourages me to use Canvas to be productive during the quiz or exam and lesson.', 'they are very kind.', 'even my professor give us quiz out side the jrui can easly answer it.', 'no comment sorry.', 'I have been give enough time to accomplish the activities on Canvas. (Please '),
(24, 24, 'HIS C101- Readings in Philippine History', '2019/10/01 8:38:41 PM GMT+8', 'i don\'t have problems in logging in and logging out', 'i don\'t have problem with mobile canvas app, i can access it.', 'Computers are running smoothly', 'wired internet connection don\'t have issues or problems.', 'yes, IT\'s and Profs are accomodating.', 'There\'s no problem in accessing canvas outside JRU.', 'Everything we need is in the modules.', 'it is super well organized.', 'yes it is easy to access courses in desktop version.', 'yes it is easy to access courses in mobile app version.', 'yes, I notice that course materials on Canvas have connection with the face to face.', 'yes, I understand the lessons better with the help of course materials in Canvas.', 'yes, Canvas course materials make me interested.', 'Yes, The course materials on Canvas helped me prepare for: Face to face discussions, quizzes, major exams, assignments, forums, etc.', 'yes, My instructor knows how to use Canvas.', 'yes, My instructor demonstrated mastery of the subject matter. ', 'yes, My instructor encourages me to use Canvas.', 'yes, Canvas has made it easy for me to: communicate with my instructor, receive class announcements, share ideas on group discussions.', 'yes, I can answer the assessment materials (quiz, exam) posted in Canvas.', 'yes, I find the course materials on Canvas aligned with the: quizzes, major exams, assignments, forums, etc.', 'yes, I have been give enough time to accomplish the activities on Canvas.'),
(25, 25, 'HIS C101- Readings in Philippine History', '2019/10/01 8:39:03 PM GMT+8', 'I CAN EASILY LOGGING IN ', 'YES BECAUSE IT\'S IN MOBILE EASY TO ACCESS', 'YES ITS IS EASY', 'YES I DON\'T HAVE ANY ISSUES', 'YES IT IS EASY TO GET HELP IN CANVAS', 'YES ITS IS VERY EASY TO BECAUSE OF THE WIFI', 'YES VERY EASY TO UNDERSAND AND TO LEARN', 'YES IT IS VERY WELL ORGANIZED', 'YES BECAUSE THE BUTTONS ARE THERE EASY', 'YES BECAUSE THE BUTTONS ARE THERE EASY', 'YES IT IS VERY USE FULL ', 'YES I UNDERSAND THE LESSON WELL', 'YES IT IS VERY FUTURESTIC ', 'YES I CAN EASY GET HELP BECAUSE OF THE IT DEPARTMENT', 'YES BECAUSE SHE IS A WELL TRAIN PERSON', 'YES BECAUSE SHE IS A WELL TRAIN PERSON', 'YES BECAUSE OF MY TEACHER', 'YES BEACUSE I CAN CONTACT THEM', 'YES BECAUSE I CAN TAKE THE QUIZ ANYWARE', 'YES IT IS EASY ', 'YES BEACAUSE I CAN TAKE MY TIME TO DO IT'),
(26, 26, 'HIS C101- Readings in Philippine History', '2019/10/01 8:40:22 PM GMT+8', 'I can easily log-in and log-out my canvas account because of faster internet', 'it is compatible to mobile phone ', 'there\'s a lot of computer inside the laboratory', 'Yes because it is reliable and faster ', 'Yes because of the staff that approachable ', 'Yes because of the registration account given by the staff of jru', 'because of highlighted topics', 'modules are arrange by sequence and events', 'compatible', 'It is well organized', 'Yes after day the proctor will discuss the modules posted on the canvas', 'it helps to be prepared', 'Because of well organized modules', 'Extra knowledge for any task ', 'They are all major', 'They know how to delivered the topics well', 'in able to answer all the quiz and activity', 'Yes because of the application ', 'it is well announce and because of the date posted ', 'it is all related to the subject', 'if the proctor will given us a activity it will be announce on the canvas'),
(27, 27, 'HIS C101- Readings in Philippine History', '2019/10/01 8:41:42 PM GMT+8', 'I don\'t have any problem with the app.', 'Accessing on my course is fine.', 'There is no problem about the concern.', 'There is no any issues about accessing my canvas account.', 'It is easy to have an aid on my problems with canvas.', 'There is no problem about accessing outside the university.', 'It is very clearly to understand the lesson on my canvas.', 'The modules in my course are well recognized.', 'The navigation of the course are easily managed.', 'It is easy to manage the navigation of the courses through the app.', 'There is a good connection on the course materials on canvas.', 'With the help of this app I easily understand the lessons better and clearly.', 'With the help of the Canvas, I clearly found it interesting.', 'On the said set of materials on Canvas, helped me to prepared.', 'There is nothing wrong about the instructor on using the Canvas.', 'Our instructor had a great demonstration mastery of the subject matter.', 'Our instructor does encourages us to use Canvas.', 'It is easy to communicate, receive announcements and also has the ability to share some ideas on the group discussions with the help of Canvas.', 'I can answer the assessment material in Canvas ', 'Quizzes, major exams and other tasks on Canvas are well aligned.', 'I can accomplished my task or activities on Canvas on time.'),
(28, 28, 'HIS C101- Readings in Philippine History', '2019/10/01 8:41:43 PM GMT+8', 'i have no problems in logging in.', 'I\'m not using the canvas app because its not that yet fixed, sometimes when the subject have a new activity there are no notifications popping.', 'I have no problem in the PC\'s ', 'I don\'t have any problem  in accessing my canvas account using the wired internet connection.', 'Yes because someone can help me or the professors can assist us and also the IT\'s.', 'Yes I can easily access because I have no problem in logging in.', 'Yes because our prof discussed it well .', 'my courses are well organized', 'yes', 'yes', 'of course it has connection.', 'yes because the help of course materials in Canvas', 'because the courses there are detailed', 'yes', 'My instructor knows how to use Canvas', 'My instructor demonstrated mastery of the subject matter.', 'yes to be updated in the new acitivities', 'yes', 'yes ', 'easy', 'I have been give enough time to accomplish the activities on Canvas.'),
(29, 29, 'HIS C101- Readings in Philippine History', '2019/10/01 8:43:22 PM GMT+8', 'everything is good and faster', 'sometimes it is not cooperating to me', 'yes, and it is easy to log in at computer laboratory', 'yes, i don\'t have issues about it, because jru provides the best computer laboratory', 'i always ask first to my teacher about the problem of my accounts', 'no, because my account always asking about verification but i cant open it because the phone number that i using in my canvas is my old phone number, that phone is stolen to me.', 'yes because its provided', 'always recognize  with my teachers', 'yesss', 'yes it always easy to mee', 'it is always connected', 'because it is all in canvas, it is all uploaded', 'super interested because it is given', 'because it is better in personal discussion', 'all my teachers knows', 'yes, because they know how to discuss about their subjects', 'yes, becuase its needed', 'not all the time.', 'yes. and im always updated about it', 'i always find about it', 'yes, and im using free lab to use my time to answers my activities'),
(30, 30, 'HIS C101- Readings in Philippine History', '2019/10/01 8:47:36 PM GMT+8', 'I don\'t  have problem within log-in and log-out ', 'I don\'t have problem to access into canvas using mobile phone', 'it easy to access and usable in canvas using the computers in jru ', 'I don\'t have issue in accessing my canvas account using the wired internet connection in the computer laboratories.', 'it easy to get help when something wrong in my canvas ', 'I can access my Canvas account outside JRU', 'Yes, it easy to read and organize the lessons in module', 'it easy to recognize the topic in modules and it is well organized', 'Yes, It easy to identify what course i need to tap/click', 'It easy to recognize and manage the navigation to courses through mobile app', 'Yes, when we lecture and laboratory topics is connected the lessons ', 'it easy to understand the lessons in canvas because of help of course materials ', 'Yes it is interested, because it is easily to understand and organize well the materials in canvas ', 'yes it is because i can advance reading and home study and I can prepare in to my quizzes and major exams etc.', 'yes she know how to use the canvas ', 'yes, she is good to demonstrated the subject  and i can easily understand ', 'yes, she\'s ecouraging me to use canvas and she help when something wrong happens ', 'i can easily to communicate with my instructure and i can see the announcements of my prof ', 'i can easily answers the assessment materials using canvas ', 'i can find easily the course materials on canvas majors exams and assignments etc ', 'yes i have enought time to accompish the activities '),
(31, 31, 'HIS C101- Readings in Philippine History', '2019/10/01 8:50:29 PM GMT+8', 'like doing my activity', 'yes any time', 'like doing activities', 'sometimes ', 'yes ', 'yes when i submit my activity', 'yes when i reading it', 'yes by subject', 'yes ', 'yes easy', 'yes additional', 'yes while  doing review', 'like exam', 'yes very well', 'yes every lecture', 'very well', 'yes like view', 'yes very useful', 'yes i can easyly use', 'sometimes', 'sometimes'),
(32, 32, 'HIS C101- Readings in Philippine History', '2019/10/01 9:16:51 PM GMT+8', 'I can easily log -in and log-out because i have no problem  ', 'i have no problem when i used mobile canvass', 'I can access my canvass account  all the time because i need to used it , especially to doing a lot activities and review my lesson in my subject', 'I have no issues because the connection fast', 'i have no problem  in my canvass account', 'i can access outside the main gate', 'Sometimes i cannot understand', 'I have no problem in my modules', 'i have no problem ', 'i have no problem ', 'during class activities', 'with or without  I can undestand', 'canvass materials make me interested because easy to used it', 'using canvass is good ', 'They are good to used', 'they are very professional ', 'because required to used ', 'i have no problems', 'i have no problems the assesment materials', 'sometimes , i find the course materials on canvass', 'because sometimes i cannot passed my activities'),
(33, 33, 'HIS C101- Readings in Philippine History', '2019/09/30 3:36:32 PM GMT+8', '', '', '', '', '', '', '', '', '', '', '', '', '', '', '', '', '', '', '', '', ''),
(34, 34, 'HIS C101- Readings in Philippine History', '2019/09/30 3:41:50 PM GMT+8', 'Yes I can log in and log out my canvas account easily ', 'No because the mobile app does have a lot of bugs', 'YES OF COUIRSE', 'NO ISSUE BECAUSE WIRED IS THE BEST', 'I dont have any experience about it', 'yes because of the internet', 'Yes because its organized', 'Yes because its organized', 'Yes because desktop version is good', 'mobile app has a lot of bugs', 'yes', 'yes', 'yes ', 'yes canvas helps a lot', 'yes she knows', 'yes she is a master', 'yes all the time', 'yes because of the message feature.', 'yes i can answer it because i am smart', 'No because sometimes its not aligned', 'dont have enough time because we dont have only 1 subject to give all our time for that deadline'),
(35, 35, 'HIS C101- Readings in Philippine History', '2019/09/30 3:45:45 PM GMT+8', 'Sometimes the internet connection is slow ', 'I agree, although there are some bugs, but it help me to access my files anytime, anywhere', 'Sometimes, the internet connection is slow', 'Sometimes, the internet connection is slow', 'The approachable professors and student assistants are ready to help', 'I have my phone and internet so i can access it anytime', 'Detail oriented modules helps me to understand it more', 'Sometimes, no', 'I agree', 'I also agree, much handy', 'It doesn\'t matter, the matter is canvas brings convenience to us students', 'I agree, it is more detailed ', 'Everytime', 'I agree, but I experienced taking an exam that is not taught and not in the module', 'I agree, and they always remind us about the quizzes and activities that is needed to be done', 'Yes, especially in programming', 'Always, because all the lessons are there all I have to do is to read', 'There are times I messaged my constructor, I didn\'t get any reply', 'I agree', 'I agree', 'Sometimes, it doesn\'t. The timer doesn\'t fit the items that we have to answer'),
(36, 36, 'HIS C101- Readings in Philippine History', '2019/09/30 3:45:46 PM GMT+8', 'Yes, ican easily log-in and log-out my Canvas account.', 'Yes,  I can access my course using the mobile Canvas app.', 'I can always access my canvas account using available computers in JRU', 'No, I have no issues accessing my Canvas account using the wired internet connection in the computer laboratories. ', 'Yes, I can easily get help when I have problems with my Canvas account. ', 'I can always  access my Canvas account outside JRU.', 'The modules and lessons in Canvas are easy to understand', 'I recognize that the modules in my course are well organized.', 'I can easily manage the navigation of the courses through the desktop version.', 'I can easily manage the navigation of the courses through the mobile app.', 'I notice that course materials on Canvas have connection with the face to face lesson content.', 'I understand the lessons better with the help of course materials in Canvas.', 'Canvas course materials make me interested. ', 'It helps me a lot ', 'Yes, My instructor knows how to use Canvas.', 'My instructor demonstrated mastery of the subject matter.', 'My instructor encourages me to use Canvas. ', 'it is easy to communicate with my instructor,receive class announcements, share ideas on group discussions ', 'I can answer the assessment materials (quiz, exam) posted in Canvas. ', 'I find the course materials on Canvas with quizzes, major exams, assignments, and forums. ', 'yes, I have been give enough time to accomplish the activities on Canvas.'),
(37, 37, 'HIS C101- Readings in Philippine History', '2019/09/30 3:46:24 PM GMT+8', 'Yes I can access and log out it.', 'Sometimes not because it is not compatible on browser of the phones', 'Yes specially on the open laboratory', 'there are times the signal are fluctuating', 'Yes they are assisting me on the ITBL office for the canvas concerns', 'Yes', 'sometimes not', 'yes it is full coverage of the lessons in the subject', 'yes ', 'yes when the internet connection is stable', 'sometimes the lesson are different in the lesson that we tackle on the classrom', 'yes as a practice and learning materials', 'as a source of lesson summary', 'Yes they give information for the course', 'Yes he/she giving the right task for us', 'He/she giving us the lesson that we need to learn', 'Through answering quizzes and forums', 'Yes because they announce well through it', 'yes because they inform us', 'yes because well organzed', 'sometimes not because the prof did not adjusting the time'),
(38, 38, 'HIS C101- Readings in Philippine History', '2019/09/30 3:47:05 PM GMT+8', 'the internet is sometimes slow.', 'the internet is very slow', 'the computers are always availabe', 'yes. i dont have any issue', 'by searching through net', 'at home ', 'by the help of powerpoint presentation', 'yes, it\'s very organized', 'because of the wide screen.', 'sometimes not because of slow internet.', 'it is somehow related.', 'canvas is very helpful', 'easy to use', 'easy to access', 'she knows it well.', 'not at all times', 'she always tell us to open our canvas', 'it helped me to communicate with my instructor', 'I can answer the quiz and exam ', 'sometimes the quizzes are not in the modules', 'i need 1 month tbh'),
(39, 39, 'HIS C101- Readings in Philippine History', '2019/09/30 3:47:08 PM GMT+8', 'Sometimes the internet is slow.', 'I rather use internet browser than mobile app.', 'We can use open lab to access our canvas account', 'It\'s more faster than wireless internet connection', 'I don\'t know where will I go if I have problem with my canvas account', 'Unless I don\'t have internet', 'By using powerpoint presentation', 'Its is sort by week/s', 'This why I don\'t use mobile application', 'I don\'t use mobile application', 'It\'s the same modules', 'I can access anywhere', 'It\'s motivating', 'I can have easy access anywhere', 'It\'s required', 'It\'s hard to study if the teacher don\'t know they are talking about', 'We can have easy access', 'My instructor is not replying in canvas', 'We want notification before the deadline', 'The modules on Canvas is the reviewer', 'We need notification before the deadline'),
(40, 40, 'HIS C101- Readings in Philippine History', '2019/09/30 3:47:12 PM GMT+8', 'Yes, I can easily access my Canvas Account.', 'I always use my mobile to access Canvas app. It works really well', 'Any computer inside lab or JRU works fine when accessing Canvas.', 'Sometimes the wired internet connection is slow, thus, doing projects and activities really stressful', 'IT department handles the concern in a timely manner', 'With a good internet connection and acceptable computer.', 'It can easily be accessed.', 'Well organized indeed.', 'Some of the courses sometimes is not showing in the canvas courses tab.', 'Yes, It works fine for me.', 'Depends with the professors.', 'Good job by the professors.', 'Yes, It is fun. More activities I may suggest.', 'as long as the canvas material are available, it will help students a lot.', 'Yes, most of the time. Maybe for new professor I guess they need time to get used of the canvas uploading system.', 'Most of the time they are.', 'We always use canvas.', 'There is always a forum for the subject itself. However , most of the time irregular students are not being included in the forum.', 'Yes. We can access it all the time', 'It is always aligned to the tasks at hand.', 'Most of the time, yes!'),
(41, 41, 'HIS C101- Readings in Philippine History', '2019/09/30 3:47:13 PM GMT+8', 'the computer and the internet is fast for us to log in and logout easily', 'it\'s more easy for us because even though where not in school were able to access our canvas acc', 'i can easily access my account in our computer lab', 'yes there is no problem lin log in and logout of canvas', 'there is a student assistant in our laboratory when there is a problem were able to call them and ask for help', 'it\'s more easy for us because even though where not in school were able to access our canvas acc', 'yes because all of the lessons are in the canvas', 'yes because they already fix it ', 'yes i can easily manage it', 'yes i can easily manage the navigation', 'yes yes yes yes', 'yes because of the help of course materials in canvas we can easily access it', 'yes im interested', 'because of it we can easily answers all of the questions', 'yes because we always use canvas in our laboratory activities', 'yes', 'Yes because all of our laboratory activities must be sumbitted in canvas', 'yes because canvas have inbox for us to be able to communicate with our classmates', 'yes because all of out prof is putting quiz and a date so we can able to answer it on time', 'the quiz exam and activities are in date in canvas we have 1 week to be able to sumbit it', 'yes'),
(42, 42, 'HIS C101- Readings in Philippine History', '2019/09/30 3:48:03 PM GMT+8', 'I can easily login but the internet is too slow to open up the account.', 'Can access but the app is too slow.', 'some of the computers have no internet connection, or the pc is too slow.', 'Even though we use our accounts in our phones it\'s still too slow.', 'Yes because someone will guide you.', 'i have no problem with this.', 'sometimes it\'s too difficult to see what\'s our modules because it\'s not fully organize.', 'It\'s not organized that well and sometimes we don\'t get notifications in our subs.', 'The site needs to be more user-friendly and more easier to use.', 'the app version is nice.', 'no i didn\'t notice.', 'it helps alot.', 'i think it\'s much better to just put all the subjects to the main timeline for us easily see the subjects.', 'sometimes we don\'t get notifications for quizzes and etc.', 'it\'s better to have a prof that how knowledge about the canvas than those profs who doesn\'t care about his/her students.', 'a prof that knows how to teach, is an amazing prof.', 'my prof always makes us use canvas prof quizzes, and everything', 'can only share ideas', 'sometimes no, because we don\'t always get notifications.', 'only the exams that notify us.', 'how can we know if there\'s still time if the app don\'t even notify us.'),
(43, 43, 'HIS C101- Readings in Philippine History', '2019/09/30 3:48:10 PM GMT+8', 'it can easily modify', 'When in other lab the units are slow', 'it can easily access my canvas account in other units in JRU', 'Sometimes in other units in JRU have an internet connection issue', 'Because it takes long time to get help ', 'yes , because canvas is for jru students', 'The lessons on my canvas is easily modify by the Title', 'It can easily recognize because it has the title on it', 'yes because the canvas is well compromised', 'yes because the canvas is well compromised', 'it depends on the prof ', 'yes i understand the lesson better and course materials is very helpful', 'yes , because the canvas is a user friendly', ' its helps because we can review about the previous lesson that we will taken', 'in other subject the instructor of ours is not applicable using canvas', 'yes they demonstrate the subject matter', 'for every meeting they always told us to use canvas ', 'yes , canvas made easy for me to share my opions in group discussions', 'yes , the quiz and exam that we will take is so very compromised', 'i find course materials on canvas where you can see the title', 'I have been give enough time to accomplish the activities on Canvas'),
(44, 44, 'HIS C101- Readings in Philippine History', '2019/09/30 3:48:18 PM GMT+8', 'internet connection inside the jru is poor ', 'I can able to do the online activities', 'But sometimes, laboratories are not available.', 'Wired connection is slow sometimes', 'people in h201 are willing to help anytime', 'Mobile app can be downloaded', 'sometimes the PPT designs are irritating', 'It is sorted by time', 'Desktop version is easier than the mobile version', 'Dashboard is easy to use', 'Some discussion in Online  are not sync with the face to face', 'Course materials provided in Canvas is essential in our learning process', 'some powerpoint touches my interest to finish reading that material', 'Some contents in Canvas are not used in face to face', 'They are trained', 'She provides good scenarios ', 'Yes everytime ', 'Forums enables us to talk online ', 'Yes if the access code is provided ', 'The materials should be aligned with the teachings of our instructor', 'Yes she always give us enough time '),
(45, 45, 'HIS C101- Readings in Philippine History', '2019/09/30 3:48:35 PM GMT+8', 'The internet most of the time is slow', 'i have not yet downloaded the application', 'yes but sometimes it is slow to access', 'sometimes the internet is slow', 'i dont usually get problems with my account', 'yes, at home', 'i understand the lessons on my canvas', 'yes it is clearly organized', 'yes but sometimes it is slow', 'i have not yet downloaded the application', 'yes it has connection', 'yes it is very useful', 'it makes me very interested', 'it helped me a lot', 'she knows it very well', 'she demonstrated the mastery of the subject matter very well', 'every meeting she encourages all of us', 'canvas is always updated', 'i can answer it on time', 'it is aligned and clear', 'it give us enough time to answer'),
(46, 46, 'HIS C101- Readings in Philippine History', '2019/09/30 3:49:33 PM GMT+8', 'Strongly Agree because I can easily log-in and log-out my canvas account', 'I can access my course using mobile canvas app', 'Strongly Agree because I can access my Canvas account using the available computers in JRU. ', 'I have no issues accessing my canvas account', 'yes I can easily get help when I have problems with my Canvas account', 'yes I can access my Canvas account outside JRU', 'yes I can clearly understand the lessons on my Canvas modules.', 'I strongly agree that the modules in my course are well organized', 'yes I can easily manage the navigation of the courses through the desktop version', 'yes I can easily manage the navigation of the courses through the mobile app.', 'yes I notice that course materials on Canvas have connection with the face to face (classroom) lesson content.', 'yes I understand the lessons better with the help of course materials in Canvas.', 'yes Canvas course materials make me interested', 'I strongly agree that The course materials on Canvas helped me prepare for: Face to face discussions, quizzes, major exams, assignments and forums.', 'My instructor knows how to use Canvas', 'i strongly agree that my instructor demonstrated mastery of the subject matter', 'My instructor encourages me to use Canvas', 'i strongly agree that Canvas has made it easy for me to: communicate with my instructor, receive class announcements, share ideas on group discussions', 'yes i can answer the assessment materials posted in canvas', 'i strongly agree , I find the course materials on Canvas aligned with the: quizzes, major exams, assignments, forums, ', 'I strongly agree , I have been give enough time to accomplish the activities on Canvas'),
(47, 47, 'HIS C101- Readings in Philippine History', '2019/09/30 3:50:19 PM GMT+8', 'It was easy for me to log-in and log-out my account because I don\'t encounter any problem so far.', 'It was really disappointing because the mobile app of canvas that was installed in my phone don\'t direct the site of my school immediately. There\'s also a lot of features that I can\'t do using my phone.', 'There\'s no problem so far in accessing my canvas account using jru computers.', 'It\'s fine most of the time but sometimes during examination the connectivity to the internet was so slow.', 'The SA inside the open laboratory are approachable.', 'I can open my account using a browser in my phone.', 'Modules help me to have a deeper understanding towards the topic', 'The modules are well organize so I can easily see the modules per term', 'It was more conveninent whenever I use desktop version', 'Mobile app was so disappointing.', 'The questionare in our quizzes contains the lessons that was discuss in the module', 'I also use it as a reviewer ', 'I dont like the module that contains a lot of texts because sometimes I am irritated reading and reading long texts.', 'It help me because I use it as a reviwer', 'She knows the topic that was being discuss but sometimes she can\'t give a better example that a student can understand', 'She knows the subject matter really well', 'I have no choice because the subject was blended learning', 'I can reach my teacher and classmates easily', 'With the help of modules', 'Everything was discuss in the modules', 'The deadlines was ok.');
INSERT INTO `survey` (`id`, `user_id`, `course_name`, `timestamp`, `a1`, `a2`, `a3`, `a4`, `a5`, `a6`, `a7`, `a8`, `a9`, `a10`, `a11`, `a12`, `a13`, `a14`, `i1`, `i2`, `i3`, `ac1`, `ac2`, `ac3`, `ac4`) VALUES
(48, 48, 'HIS C101- Readings in Philippine History', '2019/09/30 3:50:21 PM GMT+8', 'I can easily access log-in and log-out my account anytime and anywhere', 'I can access it wherever I am.', 'I can  access it through the openlab  that is availabe ', 'I can easily access it using wired internet connection', 'I can go to 211 for the help', 'I can pass my assignment everywhere', 'I can search anything on google', 'I can easily find it easily', 'I can easily access it', 'Sometimes the mobile app are not working', 'We can  easily understand the lesson, by reading it inadvance', 'We can have a advance reading before the face to face lesson', 'It really help me to enjoy my college life', 'I can study in advance', 'Some of my instructor are not really know how to use canvas so if we need to pass some requirements online they always wanted some hard copy of it because they are not comfortable using it especially the elder teachers', 'they teach us very well', 'we need to take a quiz and make assignment in canvas so it really encourage me to use it .', 'In communicating with my instructor they are not replying on canvas.', 'I can easily access it', 'All that we need to answer its all in canvas very minimal paper works that we answer face to face', 'They open the quizzes etc, a head of time'),
(49, 49, 'HIS C101- Readings in Philippine History', '2019/09/30 3:50:28 PM GMT+8', 'Yes, it\'s easy but the connection is the problem', 'Yes, i am able to', 'Yes, I can access my canvas in the computers but sometimes the computers are not available', 'Yes, because it\'s good', 'Yes, because the IT office always do something about it', 'yes because it is online', 'Yes, because it\'s precise', 'yes, because it is all displayed with big icons', 'yes because it is much more easy', 'no because sometimes my canvas doesn\'t let me log in', 'yes it does', 'yes because i can study everywhere i want as long as there\'s a internet connection', 'yes sometimes, when there\'s too much activities', 'The course materials on Canvas helped me prepare those kind of things', 'yes, but there are some instructors/prof that doesn\'t use canvas', 'yes, my instructor demonstrated mastery of the subject matter', 'yes, but because i need to because the activities are posted there', 'yes it does, but I don\'t usually communicate there with my prof.', 'yes but only if there\'s a internet connection', 'yes, I find the course materials on Canvas aligned with the: quizzes, major exams, assignments, forums, etc.', 'yes, because there\'s a time limit'),
(50, 50, 'HIS C101- Readings in Philippine History', '2019/09/30 3:52:03 PM GMT+8', 'I still don\'t encounter any problems in terms of log in and log out.', 'The canvas app is easy to download and easy to use.', 'All of the computers have stable internet connection that[\'s why I can use canvas.', 'The internet connection in computer laboratories are quite slow that\'s why sometimes it is hard to access canvas or it takes long time in opening canvas', 'the ITBL are always available if I have problem with canvas.', 'Since I have canvas application in my phone I can access it easily.', 'the powerpoints and lessons in canvas are pleasing to the eyes and easy to understand', 'all the modules are organized per term that\'s why it is easy to identify the lessons that we need to study', 'Using the desktop version of canvas are easy to manage or easy to use.', 'I am more comfortable in using canvas through mobile application.', 'Every lecture day all of the lessons that are taught are available in canvas', 'Since I am a visual learner it is better for me to have the course materials in canvas', 'canvas course materials are interesting because there are videos and powerpoint available for us to understand', 'All of the lessons that are needed in major exams are available in canvas', 'Our professor knows how to access canvas', 'My professor knows well about the subject matter by giving alternative explanations', 'My professor always reminds us to check our canvas every time we meet', 'It is easy to communicate with my professor and classmates using canvas', 'When there is quiz or exam canvas will notify me in my email account so that I will be reminded to answer it', 'All of the lessons that cover up our examinations are available in canvas', 'When there is a activity it is open for 1 week and that is enough time for me to finish it'),
(51, 51, 'HIS C101- Readings in Philippine History', '2019/09/30 3:52:10 PM GMT+8', 'i dont have any hassle problem to log in and log out ', 'it good that i can access my course using my phone', 'everytime there`s have a available computer so there is no any problem', 'sometimes it\'s good but sometimes no', 'i did not encountered any problem in my canvas so still its good', 'good that even if you are not inside of the campus you still can access to your canvas', 'if i have any question im just going to my canvas modules then the aswer is already on that.', 'it was look good because you dont have any problem to find your work ', 'it was better because it easly to see using desktop version', 'yes i can easily access using mobile phone, and it is good that even if you dont have laptop or desktop you still can access', 'it is nice because the students can do the advance learning', 'if i have a another question i can easily look to my modules ', 'sometimes yes, sometimes no. still depend on the person what he/she interested', 'it is easy to used if i have a dout to my pass lecture , so next time i already know the right answer', 'she/he very know i can see that during lecture day', 'yes she can she is a good speaker', 'yes all of my teacher ', 'using canvas my instructor can update us every time anytime anywhere', 'yes because it is already posted', 'yes it is aligned when you log in to your canvas', 'it is because there\'s have a dead line'),
(52, 52, 'HIS C101- Readings in Philippine History', '2019/09/30 3:52:27 PM GMT+8', 'I strongly agree because i can easily access my account.', 'I can access my course using the application.', 'Yes i can access my account using the available computers', 'Yes I have no issues on using my account on wired computer', 'Yes i can sometimes get help when I encounter a problem with my canvas.', 'Yes may canvas account is accessible outside the JRU.', 'Yes the lesson on the canvas is in my learning course.', 'Some professor doesn\'t organize our module well. ', 'Yes I can easily navigate the course through the desktop version', 'Yes I can navigate the course on my mobile application.', 'Yes it is relation to the face to face lesson in the class.', 'Yes i can understand the lesson better because it is uploaded in advance', 'Yes it makes me interest because I can easily access all our lesson through the use of canvas.', 'Yes it helped me prepare for all of this things.', 'Yes my instructor know how to use the canvas very well.', 'Yes they mastered the subject matter.', 'Yes they encourage me to use canvas because all of our activity is uploaded in the canvas.', 'Canvas is a good application when it comes to discussing about the subject matter.', 'yes i can answer the things to do that is uploaded in the canvas.', 'yes it is all aligned with our lesson in the subject.', 'Yes the task is uploaded in advance so we can have enough time to finish all our task.'),
(53, 53, 'HIS C101- Readings in Philippine History', '2019/09/30 3:52:43 PM GMT+8', 'I can access my Canvas account without any problem.', 'I can\'t access my course using the mobile canvas app during the first and second week of the semester. ', 'Yes, i can access my Canvas account using any available computers in JRU without any problem. ', 'Yes, I have no issues accessing my Canvas account using wired internet connection in any laboratories inside JRU. ', 'I disagree, because it\'s not easy to get help with my Canvas account. It takes weeks to get notice on your complain about your account. ', 'Strongly Agree, Because i can access my Canvas account outside JRU without any problem.', 'Yes, i clearly understand the lessons on my canvas modules.', 'Strongly agree, because the modules in the canvas app are well organized.', 'Yes, it is easy to navigate the courses with a desktop.', 'Agree because sometimes i still get confused using the canvas mobile version.', 'Yes, the course materials on canvas have connections inside the classroom discussions.', 'I agree, because some lessons helps me better with the help of canvas.', 'Strongly agree. Some lessons makes me interested with the help of canvas.', 'The course materials on canvas does help me a lot to prepare for any classroom activities.', 'Disagree. Because i have encounter two instructor who doesn\'t know how to use canvas.', 'I agree. My instructor demonstrate mastery of the subject that they teaches. ', 'Yes every instructor encourages us to use canvas.', 'Canvas helps us to communicate with my instructor and classmate because it\'s all organized in one website.', 'Because of the organized announcements i can answer any quiz or exam posted in canvas.', 'Most of the modules in canvas have connections with our quizzes, major exams, and assignments.', 'Yes, i have been given enough time because some teachers still accepts late activities.'),
(54, 54, 'HIS C101- Readings in Philippine History', '2019/09/30 3:52:53 PM GMT+8', 'Some of the computer is slow to respond.', 'Yes its so fast to access my course using mobile app canvas.', 'Yes but some of the computers is so slow to respond.', 'some area has a slow internet connection.', 'Yes  i can easly get help when i have problems with my canvas.', 'There is no problem when im using my canvas account outside .', 'I have no problem with that.', 'I have no problem with that.', 'Some of the forum in our courses does not appear in dashboard.', 'Some of the forum in our courses it will not appear in dashboard.', 'Yes it is very helpfull', 'Yes it is very helpfull. ', 'it really helps.', 'It really helps me .', 'Yes', 'Yes', 'Yes super!', 'yes', 'Some of quiz and forums will not notify you .', 'Its so helpful.', 'No.'),
(55, 55, 'HIS C101- Readings in Philippine History', '2019/09/30 3:52:56 PM GMT+8', 'Sometimes it\'s hard to log-in and log-out my canvas account inside the campus because of the internet connection.', 'It\'s easy to access my course using canvas app because I always bring my phone.', 'The computers are well maintained. So I don\'t have a problem on logging my canvas account.', 'Yes, I don\'t have any issues accessing my canvas account using wired internet connection.', 'If my account has a problem I can easily ask for help with my canvas account in the IT office', 'I can access my canvas account outside the campus because canvas has a mobile version app', 'Yes, because the modules are organized and prepared.', 'Yes, I recognize the modules in my course are well organized.', 'I can easily navigate the modules through desktop version and mobile app', 'I can easily navigate the modules through desktop version and mobile app', '.', 'Yes, it really helps me with my course.', '.', 'The course materials helps me alot.', 'Yes, my instructor knows how to canvas', '.', 'My instructors always reminding us to check canvas everyday', '.', '.', 'Yes, because its well organized', 'Yes, because its well organized'),
(56, 56, 'HIS C101- Readings in Philippine History', '2019/09/30 3:53:45 PM GMT+8', 'Yes we can access on time and easily.', 'I can access any where using my phone.\n', 'yes we can access my canvas account to Lab room. ', 'sometimes i cant access because the wi-fi is weak.', 'yes i can easily get help from H211', 'yes i can easily access when i have a wifi ', 'angree cause sometimes i dont understand and so that i go to google to search.', 'yes it is organized because the canvas have per week module no.', 'I dont easily access it .', 'Yes because i have my phone and i know it.', 'because some prof didnt explain to us what the lesson is so that i cant understand.', 'sometimes but most of the time i cant understand.', 'angree cause i dont want to read.', 'yes sometimes but most of the time i help my self.', 'some of my teacher they dont know how to use it.', '', 'not really.', 'because we cannot do a disscussion or colaboration we us our fb account.', '', '', ''),
(57, 57, 'HIS C101- Readings in Philippine History', '2019/09/30 3:53:45 PM GMT+8', 'Yes, I can easily log in in canvas always if i\'m in the laboratory', 'Yes, Because always visit my canvas and canvas easily log in because of the google accout', 'yes if the internet is very fast.', 'sometimes only if i have to answer activity.', 'yes. because my professor know about the canvas.', 'sometimes because in other computers needs to verification account', 'Because they didn\'t teach us about modules.', 'always because the modules are organized', 'as always because sometimes i open my canvas in desktop', 'its hard to manage because its complicated', 'for me yes because our prof always use the modules and projectors for teaching', 'because sometimes I open the canvas and read some modules', 'because its high tech for our generation', 'sometimes because i open my canvas at times', 'yes because they teach us how to use that', 'sometimes becasue sometimes our prof is absent', 'because we have no choice', 'in some subjects only', 'yes always because our prof always remind us', 'yes because in the home page you can see your activity', 'because the time is short'),
(58, 58, 'HIS C101- Readings in Philippine History', '2019/09/30 3:54:01 PM GMT+8', 'i can easily log in my account ', 'there differences in web and app. i my choice web than app', 'theres some pc in the jru that poor to log in ', 'in the other pc or old pc theres poor internet connection', 'i never go in the IT for help but when theres a problem they will help.', 'just using web. i rather use web the the app', 'sometimes no, because they should give some example because some studnet iscan easily undestand if they have example', 'yah yah yah', 'yes uyesh', ' i never tried it ', 'yes', 'yes yes', 'yes', 'yes coz it can take outside and it can help others wroker student', 'yeh', 'yah', 'yah', 'yahh it more can help by announcing what to do', 'yes', 'yes', 'sometimes no'),
(59, 59, 'HIS C101- Readings in Philippine History', '2019/09/30 3:54:19 PM GMT+8', 'I don\'t have any hassle to log in and log out in canvas account. ', 'I can easily access in the mobile canvas app and it is good to use it.', 'Every time i log in I can access easily to the computers in JRU', 'There are times that the internet connection in the laboratories is poor', 'I can access my account easily and there\'s is no problem because of the help of someone', 'If I have the Internet connection I can access my account outside of the campus', 'I Can understand the module in canvas because all the files needed is there', 'well, all the module in canvas is well recognize', 'I can easily access my canvas', 'If I have an Internet Connection, I can easily manage the navigationj course', 'For me I don\'t agree because it is good to study to your own than face to face ', 'Yes much better with the help of course materials in canvasm It will understand clearly', 'Yes because there is a lot of course materials needed in our course ', 'It will help me in the course and it is good to have that kind of materials', 'My instructor know how use the canvas properly', 'It demonstrate clearly and properly', 'Yes it encourage me to use the canvas for my course', 'It help a lot for me', 'I can easily access my canvas', 'It helps me a lot ', 'It helps me a lot and it is better '),
(60, 60, 'HIS C101- Readings in Philippine History', '2019/09/30 3:54:30 PM GMT+8', 'Computers are working properly.', 'I can easily access my course/account in mobile app', 'All available computers in jru are accessible in accessing each account of the student', 'Sometimes internet are slow and it takes more than a minute to log in especially during examination.', 'Student Assistant will help me immediately whenever I have question or I have problem in my account ', 'I can access my account outside jru using the canvas app.', 'There are some information in canvas that I needed some futher explanation and clear message about the lessons.', 'Each lessons are organized by the week/s we are going to tackled it in the class', 'It is more easy to navigate the courses using the desktop.', 'Sometimes there are things that I wasn\'t able to see in the mobile app than desktop', 'Whatever lesson we\'ve read in the canvas will have connection to what we are tackling during the face-to-face discussion', 'I can read all the lesson anytime because of the app', 'I was interested to know all the things about the canvas on how to use it properly and navigate it.', 'It is helpful especially during reciatation because the lesson we are tackling is also connected to the lesson in canvas ', 'My instructor always prepare something in the canvas', 'I wasn\'t able to understand my instructor sometimes ', 'I\'ve a lot to do in canvas in this course that\'s why my instruction is always remainding us to check our canvas and do the activities,quizzes.', 'Using canvas I can message my instruction whenver I have question, also to communicate to my classmate especially if we have groupings', 'Each quiz is giving us a certain time to answer it.', 'Some of the question in quiz,exam are related', 'We are given a certain amount of time to finish our activities in canvas.'),
(61, 61, 'HIS C101- Readings in Philippine History', '2019/09/30 3:54:43 PM GMT+8', 'I can easily log-in and log-out because of this PC especially at home is canvas is alright to use.', 'Because I have an Canvas App so that I can use it everywhere.', 'Yes, I can access my canvas because every computer in JRU I can access my account.', 'Sometimes I can not access my account because sometimes in JRU the internet connection is very slow even in laboratory.', 'Yes, If I have a problem in my Canvas I go to IT department to access my account.', 'Yes, I can access my Canvas everywhere especially at home atleast there\'s an internet connection.', 'Sometimes I can access my Canvas so sometimes I can understand the lessons of my courses ', 'It very organize because if you log-in you can see the modules.', 'It\'s every easy to manage navigation in the desktop than mobile', 'I don\'t like the Canvas in mobile because desktop is better than mobile.', 'Yes, there\'s have an connection with face to face.', 'Sometimes I can not log-in so i didn\'t understand the lesson very well.', 'Yes, Canvas makes interested.', 'Because, there\'s an module that you can reviews.', 'Yes, because my professor is IT teacher so she know how to use Canvas.', 'My Instructor demonstrate the subject very well. ', 'Yes, my Instructor encourages us to use Canvas because, It\'s help us to understand the lesson very well.', 'My Instructor sent us announcement if there\'s an emergency so that we inform faster.', 'Yes, we can answer the assessment materials.', 'Yes, because it show assessment material if there\'s have a quizzes', 'Sometimes because there\'s time limit in other.'),
(62, 62, 'HIS C101- Readings in Philippine History', '2019/09/30 3:55:52 PM GMT+8', 'Yes,I can easily logi-in and log-out my account in canvas', 'I have my own Canvas Application and It\'s easy to access. ', 'Yes, I can access my Canvas account if the computers of JRU has a strong Internet.', 'it\'s easy to access the Canvas Application if the wired internet connection is fast.', 'Yes, By Searching about the problem.', 'Yes,If you have an account just download the Application or Search it in the website.', 'Yes,When the admin/Professor upload the modules i can download it.', 'Agree, Sometimes because our other professors upload a module which is not gonna discuss in our room.', 'Same as in my mobile phone.', 'Yes, because it\'s handy and easy to pick up.', 'Sometimes the professors has their own Power Point that is not connected in the PPt in', 'Sometimes, because the other professors do not discuss the lessons in the canvas.', 'Yes', 'Yes, all the answers in the activities ,quizzes and exam is in the miodules.', 'Agree,Our Seniors don\'t know how to use canvas', 'Yes, they explain it very well', 'When we have to do some stuff', 'Yes, Because in today\'s generation it\'s easy to communicate using social media.', 'Yes,when our professor give the passcode', 'yes', 'Yes,one week or sometimes an hour'),
(63, 63, 'HIS C101- Readings in Philippine History', '2019/09/30 3:55:56 PM GMT+8', 'Yes, I can easily log-in and log-out through my Canvas account. No problems really.', 'Yes I can access the canvas app. But I still prefer using a browser to open my canvas account, for faster performance.', 'There are plenty of available computers at the open lab however, my only concern is the performance of the computer.', 'Nothing really. The only problem is the performance of the computer in the open lab.', 'I agree.', 'Yes I can access my canvas account regardless of the location. No concerns.', 'Yes since, the use of powerpoints, pdf\'s, or other files, stimulated my interest in learning the lessons.', 'I find the modules are well organized since, dates are specified and the modules have numbers indicating their topics.', 'Yes I can easily manage.', 'Not really, due to smaller screen.', 'Yes, since JRU offers blended learning.', 'Yes, because the modules are well organized.', 'Yes, the canvas course materials stimulated my interest in learning.', 'Yes, although other questions in the quiz or exam are not included in the modules given by the instructor.', 'Yes, because whenever we have a face to face discussion our instructor can easily access the module.', 'Yes, because our instructor can clearly explain the topics related to the module being discussed ', 'Not really. ', 'Yes. Whenever we have forum discussions.', 'Yes.', 'As I said before, some questions in the quiz or exam are not in the module.', 'Yes, since our instructor gives tasks prior to the deadline.'),
(64, 64, 'HIS C101- Readings in Philippine History', '2019/09/30 3:56:00 PM GMT+8', 'I can easily log-in and log-out my account in Canvas because it is fast loading', 'I strongly agree to this because i can access my account, dicussions, etc.', 'I can access my account in canvas especially in Open Lab', 'I have no issues accessing my canvas account.', 'I can easily get help when i have problems with my Canvas account because I easily go to the IT office to fix my account.', 'I can access my canvas account outside JRU using my mobile phone.', 'Most of the times, i can clearly understands the lessons on my canvas modules.', 'Yes, well organized the  modules in my course.', 'I can easily manage the navigation of the courses through the desktop version.', 'I can easily manage the navigation of the courses through the mobile app..', 'It\'s connection with face to face to the course mateials', 'It is helpful to understand the lessons with the course materials.ith t', 'It makes me interested because it is helpful of the course materials to my course.', 'Yes, it is helpful to my course because all the course materials that i can take is my reviewer, and i can improve my past requirements to the incoming tasks.', 'Yes, because they prepared and learned the usage of canvas before they face to the students.', 'Other instructor are not demonstrated mastery of the subject matter', 'because using canvas can encourages myself because all of my works or tasks are graded and get high scores.', 'My instructor made it easy for me to coomunicate', 'i can answer all the assessment materials ', ' find the course materials on Canvas aligned', 'yes, because they posted the activities and the due date'),
(65, 65, 'HIS C101- Readings in Philippine History', '2019/09/30 3:56:23 PM GMT+8', 'I cannot easily log-in and log-out my Canvas account.', 'I cannot access my course using the mobile Canvas app.', 'I cannot access my Canvas account using the available computers in JRU.', 'I have no issues accessing my Canvas account using the wired internet connection in the computer laboratories.', 'I can easily get help when I have problems with my Canvas account.', 'I can access my Canvas account outside JRU', 'I can clearly understand the lessons on my Canvas modules.', 'I recognize that the modules in my course are well organized.', 'I can easily manage the navigation of the courses through the desktop version', 'I can easily manage the navigation of the courses through the mobile app. ', 'I notice that course materials on Canvas have connection with the face to face (classroom) lesson content.', 'I understand the lessons better with the help of course materials in Canvas.', 'Canvas course materials make me interested.', 'The course materials on Canvas helped me prepare for: Face to face discussions, quizzes, major exams, assignments, forums, etc.', 'My instructor knows how to use Canvas.', 'My instructor demonstrated mastery of the subject matter. ', 'My instructor encourages me to use Canvas.', 'Canvas has made it easy for me to: communicate with my instructor, receive class announcements, share ideas on group discussions', 'I cannot answer the assessment materials (quiz, exam) posted in Canvas.', 'No, because some items in quizzes and major exams are not discussed or written in the module.', 'No, because there are activities that are not easy to do.'),
(66, 66, 'HIS C101- Readings in Philippine History', '2019/09/30 3:56:26 PM GMT+8', 'The computer\'s internet connection is alright', 'The account redirection is fast. So, far no problem accessing it.', 'The computer\'s performance is really ok for accessing my JRU Canvas', 'The connection in the laboratory is very stable', 'The IT office are approachable anytime', 'No problem accessing my account inside and outside of JRU, it is very stable', 'Once the app downloads one module (e.g pptx, docx, pdf) after downloading it is not accessible via local storage although it shows the download was finished', 'Some professors doesn\'t organize their modules', 'There is no problem accessing it, so far', 'There is functions on the desktop that is not on the mobile app, which makes it indifferent for mobile users ', 'It is related through face-to-face lessons and Blended learning', 'Sometimes, the lessons are far to the modules', 'Sometimes, I make mistakes. Clearly the course I took is not my passion', 'Some quizzes and exams doesn\'t show on our modules', 'My professor really know how', 'Sometimes we aren\'t prepared for the projects that are tasked to us. So we have to handle it on our own.', 'Because our modules is in canvas', 'Sometimes, my professor doesn\'t even know me', 'I can\'t access through mobile sometimes', 'Sometimes, it is not.', 'Some do take a while to finish, some are not. So, it does not give me time'),
(67, 67, 'HIS C101- Readings in Philippine History', '2019/09/30 3:56:42 PM GMT+8', 'I can easily access my account.', 'I have installed it for the notification what we will do for the entire week.', 'I can access easily using JRU computers.', 'I can access my account in computer laboratories.', 'I can easily go to the H211 if i have problems on canvas or my account.', 'I can access my canvas easily where ever i go just have a data connection on my mobile device.', 'I can also ask my classmates if didn\'t understand it ', 'It is organized because of the weeks in the canvas', 'I can easily access in any version of my desktop', 'In mobile app some of my quiz is not accessible on it', 'We must read the lesson in advance because the next meeting my Prof will ask a question or any clarification', 'I can retrieve my lessons in I forgot some keywords on it ', 'It is very interested because you can access it anywhere ', 'Easily to have quiz if they are suspension ', 'We can message our instructor because of the canvas if they are online', 'Mastery of the subject is important', 'All of my instructor use canvas ', 'We can easily message our instructor and group mates and if they have announcement', 'I can easily access my quiz but if their is a code we will not access it', 'Easily to have quiz exam and other and easily to record ', 'Yes, because it reminds me in my mobile phone'),
(68, 68, 'HIS C101- Readings in Philippine History', '2019/09/30 3:56:44 PM GMT+8', 'I can easily access my account on canvas.', 'I can access the course on mobile application easily.', 'It is easy to access my Canvas account using the computers here in JRU.', 'I can access my account using wired internet connection easily.', 'The office provide the needs to help with my Canvas account.', 'I can easily access my Canvas account outside JRU.', 'The Canvas provides conducive environment for learning the modules. I can clearly understand my lessons.', 'The modules in courses enable me to advance study.', 'The navigation is easy on Canvas desktop version', 'Navigation on mobile app and desktop have the same navigation experience.', 'Online learning combined with face-to-face makes the learning better.', 'It helps us simulate certain situations to deal with.', 'The course materials make the modules more intersting', 'It helps me to clearly understand the modules', 'When instructor knows how to use Canvas, they can adjust some materials to match the needs of the class.', 'Mastery of the subject is important in teaching.', 'Instructors should utilize the Canvas to its extent.', 'Sending mails through Canvas makes it more easy to communicate.', 'I can answer the assessments on the time will be available.', 'This should be align to test our understanding of the modules.', 'We are given a week or two to finish the activities.'),
(69, 69, 'HIS C101- Readings in Philippine History', '2019/09/30 3:56:47 PM GMT+8', 'I haven\'t encountered any difficulty logging into my Canvas account so far.', 'I do not see any problem accessing my course module using the mobile Canvas application.', 'I haven\'t encountered any difficulty logging into my account using the available computers in JRU so far.', 'There are circumstances that connecting to the wired internet connection is troublesome.', 'H211 is open when a student is facing problem with their Canvas account.', 'I do not encounter any difficulty accessing my Canvas account outside JRU.', 'Visual presentations when studying is effective for me, so I agree.', 'I can easily navigate the module when I am looking for a specific lesson or lecture material.', 'The desktop version of the Canvas app is well-designed.', 'I haven\'t encountered any difficulty navigating the courses through its mobile app.', 'Discussions are related to what is uploaded inside the course module.', 'As I stated above, visual presentations are effective when studying.', 'They are informative enough.', 'The course materials provide information enough for us to prepare for them.', 'They can easily adjust its content.', 'She show mastery of the subject based on what she discusses during lecture.', 'She reminds us every lecture.', 'Answering forums is an example of sharing ideas on group discussions.', 'I haven\'t encountered any difficulty answering assessment materials.', 'The content provided by the course materials is aligned with the exercises above.', 'The amount of time given to us to accomplish activities are justifiable.'),
(70, 70, 'HIS C101- Readings in Philippine History', '2019/09/30 3:56:55 PM GMT+8', 'The website or canvas is very okay it\'s not logging', 'It\'s very convenient to me ', 'There\'s a many available computers for the students and it\'s very convenient ', 'I have no issues until it does not became a problem to me.', 'Well, sometimes it\'s not easily to get help especially when you take quizzes and the code that they gave you is wrong. ', 'It\'s very convenient to me because even when I\'m not in JRU I can still use canvas.', 'I can understand but somehow instructors need to have a brief lessons about the modules in canvas', 'It\'s okay to me especially the color coding', 'yes', 'yes', 'It should be. ', 'I disagree but agree sometimes', 'yes', 'Yes but sometimes when they forgot to published the modules so I don\'t have a reviewer to me', 'They know how to use canvas but some instructor that they don\'t know how to use canvas.', 'Yes', 'They said It\'s important ', 'yes', 'yes it help by the modules', 'yes', 'yes they gave us 1 week or more to submit the activities'),
(71, 71, 'HIS C101- Readings in Philippine History', '2019/09/30 3:57:00 PM GMT+8', 'I Strongly Agree because there was no problem that I encountered in log-in and log-out of my account.', 'Strongly Agree because I can easily access my course view using the mobile app.', 'I Strongly Agree because I have no problems to access my canvas account in any available computers here.', 'I Strongly Agree because I have no issues to access my canvas account using wired connections in any available computers here.', 'For me its Agree because not all the time I can get help to the developers.', 'for me its Agree only because in my connection at home sometimes, my canvas account is inaccessible outside.', 'I Agree because not all the time the lessons in canvas is not taught in face to face.', 'I agree because some subjects is not proper organized in the modules.', 'I Strongly Agree for that its because the UI is user friendly', 'I Strongly Agree for that its because the UI is user friendly', 'I  Agree because not all the time.', 'I  Agree because not all the time that take in face to face.', 'For me its Agree because some part is uninterested', 'There are some Strongly Agree and agree because some subjects is not that accurate when using the canvas.', 'For me its Strongly Agree because my professors is a Information Technology professors that\'s why they need to know how to use it properly.', 'For me it\'s Strongly Agree because it\'s required to master there subject matter.', 'For me its Strongly Agree because its a requirement.', 'Some of there answers is Disagree because the other professors is snob in answering questions. ', 'Yes I Strongly Agree for that and I have no problems.', 'For me I have no problem for that.', 'I have no problems for that'),
(72, 72, 'HIS C101- Readings in Philippine History', '2019/09/30 3:57:16 PM GMT+8', 'Yes, logging in and out of my account can be operated quickly', 'Yes, but can\'t access activities or modules without internet connection.', 'Yes, but sometimes there are no laboratories vacant to use during exam week.', 'No, there are times that the internet connection in the open lab is very slow when other students use Facebook, YouTube, etc.', 'No, because there are times that we cannot comply to our professor whenever there are technical difficulties in my canvas activities.', 'Yes, if there is mobile data available to use and access', 'No, because there are modules that aren\'t applicable to the quizzes in our subjects', 'There are modules that are covered from other terms.', 'The desktop version is easy to navigate, including the activities using list view.', 'Yes, but upcoming activities should have a list view similar to the desktop version', 'There are some professors that are using different module which aren\'t related to the topic from Canvas', 'It depends if the modules in Canvas are used by the professors during lecture time.', 'Yes, but sometimes they are useless if the professors use other modules outside Canvas.', 'No, because there are some terms that aren\'t in the quizzes and exams. ', 'Yes, they make use of the Canvas app properly', 'Yes', 'Yes, because it is required for 50% of our grades.', 'No, nobody replies to our messages and sometimes messaging at Canvas are blocked', 'There are times that the activities are not visible to the dashboard', 'No', 'Deadlines are too short from other subjects'),
(73, 73, 'HIS C101- Readings in Philippine History', '2019/09/30 3:58:47 PM GMT+8', 'I can access my account easily whenver I\'m having a internet connection.', 'I strongly agree to this question because you can access on canvas in your search engine in your mobile phone. Nevertheless canvas is having application that you can download on your mobile phone.', 'I strongly agree because JRU is having an internet access anywhere on the campus except the gym.', 'because sometimes canvas is having an update so that I have trouble in accessing my canvas.', 'Strongly agree because if i have canvas problem I can visit the IT office to report the problem.', 'Strongly agree because we have a homework and take home quiz sometimes. And we can open our canvas at home just connect to the internet.', 'because the modules inside the canvas is like a tutorial so that we can nor I can easily understand the lesson in every module but sometimes i got lazy and I\'m not visiting the canvas.', 'I strongly agree but sometimes other course in the canvas do not post modules and sometimes their modules is not well organized.', 'Yes, because JRU is having an internet access everywhere.', 'Yes, because JRU is having an internet access everywhere.', 'Yes, because if its not connected then our  lecture days are so conflict with our online module.', 'I strongly agree because.', 'because we are in modern world and online learning is more interested than the manual like before.', 'because I cna review what is my prof discuss during lecture days and review the online module at home.', 'She knows very well how to use canvas because in our lecture days she even not bring laptop to view our modules.', 'Yes because she master the java language and I\'m so amazed by her knowledge.', 'becuase she has an announcment and online quiz and lab exercises', 'because we can email easily our proof in canvas and recieve class announcment immediately and we\'re ahving a forum to discuss our thoughts about the lessons', 'because we can email easily our proof in canvas and recieve class announcment immediately and we\'re ahving a forum to discuss our thoughts about the lessons', 'because we can email easily our proof in canvas and recieve class announcment immediately and we\'re ahving a forum to discuss our thoughts about the lessons', 'because we can email easily our proof in canvas and recieve class announcment immediately and we\'re ahving a forum to discuss our thoughts about the lessons'),
(74, 74, 'HIS C101- Readings in Philippine History', '2019/09/30 4:25:53 PM GMT+8', 'Strongly agree because the steps in logging-in and logging out were given to us since we entered JRU.', 'Strongly agree because the mobile application is user friendly and it is easy to use', 'Strongly agree because there are lots of computers available in JRU which we can always use to access our canvas account.', 'Sometimes the internet connection is slow', 'Strongly agree because we can always ask help at the IT support office', 'Strongly agree because it is available anywhere and anytime as long as you have internet connection or mobile data', 'Strongly agree, because the lessons were outlined the way we can understand it.', 'Sometimes it\'s not organized well', 'Strongly agree because the interface of the desktop version is easy to use.', 'Strongly agree because the interface of the mobile app is easy to use.', 'The lessons we have are being discussed promptly by our professor in a way that we understand it.', 'Because the lessons being discussed is in the course materials.', 'Because the course materials are easy to understand', 'The discussions, quizzes, exams are in the course materials. Sometimes the forums and assignments are not quite related.', 'Because there are notifications about our assignments, forums, quizzes, etc.', 'She explains the subject matter in a way we understand it', 'Our instructor promptly encourage us to answer our assignments, forums, etc.', 'We don\'t usually use canvas as our way of communication, we receive every notification and we don\'t usually use it to share ideas', 'Yes because it notifies us and it has deadlines', 'the exams are aligned with the course materials but sometimes the assignments and forums are not', 'The activities are open for a week and it is enough for us to do it'),
(75, 75, 'HIS C101- Readings in Philippine History', '2019/09/30 4:28:29 PM GMT+8', 'yes, i can log out my account when ever i want to ', 'the application for the mobile canvas is too hard to use  and too many bugs', 'too slow for the internet to access the JRU canvas', 'even if i have wired the internet connection is too slow to access the canvas ', 'i can ask if there is a professor around but when i was at home i cant get help to any problems that i encounter  ', 'the verification account always popping whenever i access my jru canvas account outside the campus', 'sometimes i can understand but when there is someting that i dont know i need to search it on the internet for reference', 'yes, it was recognized and easily to understand where does the module i\'ve been looking', 'destop was easy to use compare to the mobile application', 'yes accessing some of the modules but too many bugs', 'yes it has a connection but some of the topic that was been lessoned are not in the module', 'some of it are not in the canvas it needs to search for the answer', 'nope it makes me lazy to do the task', 'when i quiz, test, and do the other task some of it cant be found on the course materials', 'when my proff is too old sometimes they seems to ask the student to do the task', 'yes because they know how to teach them', 'yes because they use the canvas to give the task ', 'only to reveive announcements and share ideas on the group', 'yes because it needs to be answered ', 'too much hard to identify who is next on the task that was given ', 'no time to spend for the given time'),
(76, 76, 'HIS C101- Readings in Philippine History', '2019/09/30 4:29:19 PM GMT+8', 'I can easily log-in and log-out my canvas account using cellphone and computer to open my canvas account.', 'I can access my course using the mobile canvas app so that I can easily open my canvas account.', 'I can access my Canvas account using the available computers in JRU, so that I can pass my activities, assignments, forum and quiz.', 'I have no issues accessing my canvas account using the wired internet connection in the computer laboratories. because the internet connection is fast.', 'I can easily get help when I have problems with my Canvas account. They can easily to solve my problem when i have problems with my canvas account', 'I can access my Canvas account outside JRU. So that I can pass my activities, assignments, forums and quizzes.', 'I can clearly understand the lessons on my Canvas modules. When I need to read my earlier lecture so that I understand clearly my lecture.', 'I recognize that the modules in my course are well organized. because I can easily to understand my modules in my course.', 'I can easily manage the navigation of the courses through the desktop version. because we can easily to use canvas.', 'I can easily manage the navigation of the courses through the mobile app. because we can easily to use canvas.', 'I notice that course materials on Canvas have connection with the face to face (classroom) lesson content. So that we can easily to understand the lesson and it is less-consuming time.', 'I understand the lessons better with the help of course materials in Canvas. So that, I will understand more my lessons with that thing.', 'Canvas course materials make me interested. Because we can have more to learn about that course.', 'The course materials on Canvas helped me prepare for: Face to face discussions, quizzes, major exams, assignments, forums, etc. Yes, it helped me to prepare so that I can easily to answer all of those things.', 'Yes, because they also the one who teaches us how to use canvas.', 'Yes,My instructor demonstrated mastery of the subject matter, so that we can easily to understand his/her lesson.', 'Yes, My instructor encourages me to use Canvas. To read and answer his/her lesson', 'Yes because I can talk to them about my canvas.', 'Yes, i can answer the assestment materials so that i can pass my grade to this matter.', 'because I can easily to find my need to check and answer.', 'Yes, i have been give enough time to accomplishthe activities on Canvas so that I can pass my grade to any subject.'),
(77, 77, 'HIS C101- Readings in Philippine History', '2019/09/30 4:29:30 PM GMT+8', 'yes easy to logout and log in ', 'Canvas features as possible', 'yes', 'Canvas features as possible because to slow the internet', 'the IT support is to slow and to many saying about the problem to solve the issues', 'Yes, because it`s online', ' Yes because I understand everything in modules', ' Yes because I understand the  module about the Courses', 'yes because is user Friendly', 'yes because is user Friendly', 'sometimes he does not provide information to users', 'sometimes he does not provide information to users', ' Learn how to enhance design is colorless', 'No, he has not been able to assist since and although he is unable to obtain information', 'the canvas  is User Friendly', '\nYes because all the quizzes and forums are there to answer correctly', ' Yes because all the quizzes and forums are there to answer correctly', 'No, he has not been able to assist since and although he is unable to obtain information', 'No, he has not been able to assist since and although he is unable to obtain information', 'No, he has not been able to assist since and although he is unable to obtain information', ' able to assist or give the message to do the activities on canvas'),
(78, 78, 'HIS C101- Readings in Philippine History', '2019/09/30 4:29:37 PM GMT+8', 'Fast process.', 'Sometimes i cannot access.', 'Yes. i can access faster.', 'No issues.', 'yes i can easily get help.', 'Sometimes i can\'t access the app because the application depends on the internet sometimes.', 'Yes. i can clearly understand.', 'Yes. i can clearly recognize.', 'Yes. I can easily manage.', 'Yes i can easily manage.', 'Yes. I agree.', 'Yes. I can clearly understand.', 'Yes. it makes the app more interesting', 'Yes. I agree', 'Yes.', 'Yes very clearly.', 'Yes my instructor encourages me.', 'Yes. It helps me a lot to easily access our topics and discussions.', 'Yes. I can answer easily.', 'Yes.', 'Yes it gives me more time to finish a certain task.'),
(79, 79, 'HIS C101- Readings in Philippine History', '2019/09/30 4:31:26 PM GMT+8', 'The Login and Logout process is very easy', 'I didn\'t download the mobile app, I use the canvas using my laptop/pc', 'I can access my canvas account using the available computers, though i wish the internet speed be upgraded', 'The internet connection is fine, though i wish the internet speed be upgraded', 'The IT Department are very helpful', 'The canvas that can be accessed outside JRU makes it convenient for students like me who live in areas outside mandaluyong', 'The canvas modules holds informative and reliable information', 'The modules in the canvas are very well organize as it displays by the time it was publishedd', 'The course tab has large icons/text that make it more visible ', 'The navigation in the mobile app is slightly difficult because the screen of the phone is small', 'This Lessons are very entertaining', 'Course Materials provided by the canvas is very informative', 'The course modules contains very interesting', 'The canvas has a calendar that helps me prepare and study for upcoming activities', 'My Instructor knows how to use the canvas properly', 'My instructor knows the subject very well', 'My Instructor encourages us to use the canvas to learn', 'The Canvas is a very reliable source of information specially announcements', 'The lessons learned in the modules will  be shown in the canvas quizzes/activities', 'The course materials in canvas are aligned with exams', 'The canvas activities give me enough time to do our activities'),
(80, 80, 'HIS C101- Readings in Philippine History', '2019/10/01 4:55:12 PM GMT+8', 'yes', 'yes', 'yes', 'yes', 'yes', 'yes', 'yes', 'yes', 'yes', 'yes', 'yes', 'yes', 'yes', 'yes', 'yes', 'yes', 'yes', 'yes', 'yes', 'yes', 'yes'),
(81, 81, 'HIS C101- Readings in Philippine History', '2019/10/01 4:57:48 PM GMT+8', 'Yes', 'Yes', 'Yes', 'Yes', 'Yes', 'Yes', 'Yes', 'Yes', 'Yes', 'Yes', 'Yes', 'Yes', 'Yes', 'Yes', 'Yes', 'Yes', 'Yes', 'Yes', 'Yes', 'Yes', 'Yes'),
(82, 82, 'HIS C101- Readings in Philippine History', '2019/10/01 4:57:57 PM GMT+8', 'yes i strongly agree', 'i strongly agree', 'i can use canvas in available computers in jru', 'i have no issues when using a wired internet connection', 'i can easily get help ', ' i can access my canvas anywhere it is good', 'i understand the lessons cleary because of having canvas too', 'i recognized modules very well', 'i can easily manage it is great', 'i can easily manage my courses even in the mobile app it is good', 'yes it has', 'yes with the help of canvas', 'yes it is fun', 'yes it helped me', 'yes she knows', 'yes she demonstrated', 'yes', 'yes it made it easy for me', 'yes i can answer', 'i find the course material aligned with the quiz', 'i had given enough time to accomplish the actvities'),
(83, 83, 'HIS C101- Readings in Philippine History', '2019/10/01 5:00:18 PM GMT+8', 'Strongly Agree', 'Strongly Agree', 'Strongly Agree', 'Strongly Agree', 'Strongly Agree', 'Strongly Agree', 'Strongly Agree', 'agree', 'agree', 'yes', 'Strongly Agree', 'Strongly Agree', 'Strongly Agree', 'sometimes', 'yes', 'minsan hindi', 'minsan lng', 'hindi sumasagot prof sa canvas', 'minsan hindi masagutan kasi walang binibigay or mali code', 'minsan wala sa module yung nasa quizzes', 'yes');
INSERT INTO `survey` (`id`, `user_id`, `course_name`, `timestamp`, `a1`, `a2`, `a3`, `a4`, `a5`, `a6`, `a7`, `a8`, `a9`, `a10`, `a11`, `a12`, `a13`, `a14`, `i1`, `i2`, `i3`, `ac1`, `ac2`, `ac3`, `ac4`) VALUES
(84, 84, 'HIS C101- Readings in Philippine History', '2019/10/01 5:03:22 PM GMT+8', 'I have no issues about it', 'I have no issues about it', 'I have no issues about it', 'I have no issues about it', 'I have no issues about it', 'I have no issues about it', 'I have no issues about it', 'I have no issues about it', 'I have no issues about it', 'I have no issues about it', 'Always', 'I can review the module at home', 'I can review the lessons at home', 'I have no issues about it', 'Strongly Agree', 'I have no issues about it', 'Always', 'professor dont talk with students, but it is useful in getting announcements', 'I have no issues about it', 'I have no issues about it', 'I have no issues about it'),
(85, 85, 'HIS C101- Readings in Philippine History', '2019/10/01 5:04:26 PM GMT+8', 'yes.', 'I can access it.', 'yes', 'yes', 'yes', 'yes', 'yes', 'yes', 'yes', 'yes', 'yes', 'yes', 'yes', 'yes', 'yes', 'yes', 'yes', 'yes', 'yes', 'yes', 'yes'),
(86, 86, 'HIS C101- Readings in Philippine History', '2019/10/01 5:04:47 PM GMT+8', 'Strongly Agree', 'Strongly Agree', 'Strongly Agree', 'Strongly Agree', 'Strongly Agree', 'Strongly Agree', 'Strongly Agree', 'Strongly Agree', 'Strongly Agree', 'Strongly Agree', 'Strongly Agree', 'Strongly Agree', 'Strongly Agree', 'Strongly Agree', 'Strongly Agree', 'Strongly Agree', 'Strongly Agree', 'Strongly Agree', 'Strongly Agree', 'Strongly Agree', 'Strongly Agree'),
(87, 87, 'HIS C101- Readings in Philippine History', '2019/10/01 5:05:00 PM GMT+8', 'sometimes but there\'s a time that we need to access our security like verification code. What if our phone is not carrying', 'yes', 'yes', 'yes', 'yes i can easily contact.', 'sometimes but they have a verification code', 'yes but sometimes the module is not public or publish', 'yes i recognized it', 'yes i can easily manage', 'yes', 'yes it really help us', 'yes it help us', 'yes', 'yes we didnt need to submit our papers in personal like we find or we go to faculty, just submit it in canvas', 'yes', 'yes', 'yes', 'yes we received', 'yes', 'yes', 'yes'),
(88, 88, 'HIS C101- Readings in Philippine History', '2019/10/01 5:05:06 PM GMT+8', 'because i can access easily', 'yes', 'Yes', 'yes', 'yes when i need help about my canvas account', 'Yes I can access my canvas account anywhere', 'Yes because it is all well Organized', 'Yes it is well organized', 'Yes it can easily manage', 'it is easily manage like the desktop version', 'Yes the course material in canvas was teached in our face to face', 'Yes i understand it better ', 'Yes because i can advance study', 'Yes because i can study in home', 'Yes she knows how to use canvas', 'She can demonstrated mastery of the subject matter ', 'Yes she always use encourages mo to use Canvas to pass may laboratory activities or quizzes', 'Yes it is easily to communicate with my instructor or with my classmates', 'Yes i can easily answer the assessment materials posted in canvas', 'Yes it is well organized in the dashboard', 'Yes it gives me enough time'),
(89, 89, 'HIS C101- Readings in Philippine History', '2019/10/01 5:05:36 PM GMT+8', 'I dont have problems logging in', 'I dont have problems  accessing my course', 'I dont have problems  accessing my canvas account using computer', 'I dont have problems  accessing my canvas account using connection in the computer laboratories', 'I dont have problems  getting help', 'I dont have problems  accessing my canvas account outside jru', 'I dont have problems  understanding lessons on canvas', 'I dont have problems  recognizing my modules', 'I dont have problems managing the desktop version', 'I dont have problems managing the mobile version', 'yes i notice it too', 'I dont have problems understanding the lesson', 'yes of course it makes me interested', 'I dont have problems  preparing ', 'I dont have problems with my instructor canvas mastery', 'I dont have problems with my instructor canvas mastery', 'I dont have problems with my instructor canvas mastery', 'I dont have problems with my canvas mastery', 'I dont have problems with my canvas mastery', 'I dont have problems with my canvas mastery', 'I dont have problems with time to accomplish'),
(90, 90, 'HIS C101- Readings in Philippine History', '2019/10/01 5:05:51 PM GMT+8', 'No because the Internet Connection is Slow', 'Yes ', 'No', 'NO', 'Yes', 'yes', 'Yes', 'No', 'No', 'No', 'No', 'No', 'No', 'yes', 'yes because they remind us we have activity', 'No', 'Yes because it will helps to pass my subject', 'Yes', 'Yes', 'Yes', 'Yes'),
(91, 91, 'HIS C101- Readings in Philippine History', '2019/10/01 5:06:24 PM GMT+8', 'Yes, I can log in and log out easily.', 'Yes, I can access easily.', 'Yes I can access without having an error.', 'I don\'t have an issue about accessing my canvas account.', 'I can talk to the IT Office to get help.', 'Yes, When I have a internet I can access it.', 'Yes, I\'m clearly understand the lesson.', 'Yes the modules are well organized.', 'Yes, I can easily manage my courses.', 'Need to improve the user interface.', 'Yes I can have a connection in the classroom.', 'yes', 'yes', 'yes', 'yes', 'yes', 'yes', 'Yes', 'Yes', 'Yes it is aligned.', 'Yes it given time.'),
(92, 92, 'HIS C101- Readings in Philippine History', '2019/10/01 5:07:12 PM GMT+8', 'yes i can access on my canvas easily', 'yes i have no problems in canvas mobile app', 'jru has alot of computers ', 'sometimes the internet is so slow', 'yes ', 'yes you can access jru canvas on jru app outside', 'yes i understand all the lessons', 'none', 'its easily to manage ', 'sometimes', 'its same ', 'sometimes', 'yeh ', 'yeh because the lessons is in the canvas', 'she knows ', 'she demonstrated clearly', 'because the lessons is in canvas', 'yeah', 'easily', 'yeh', 'yeah'),
(93, 93, 'HIS C101- Readings in Philippine History', '2019/10/01 5:08:14 PM GMT+8', 'i can easily login and logout my account', 'i can easily access my course using canvas', 'i can easily access my course using canvas', 'i have no problem with the internet connection in the laboratory', 'yes of course', 'i can access my canvas app outside jru', 'i can understand the lesson in canvas', 'yes the modules in my course are well organized', 'yes i can easily manage it', 'yes i can manage the courses through app', 'i have no problem with the internet connection in the laboratory', 'yes i understand the lesson in canvas', 'yes of course', 'it helps in my quizzes and major exams', 'they taught us in canvas very well', 'yes of course', 'they inspire me to use it', 'i have no problem with the internet connection in the laboratory', 'i have no problem with the internet connection in the laboratory', 'i have no problem with the internet connection in the laboratory', 'i have no problem with the internet connection in the laboratory'),
(94, 94, 'HIS C101- Readings in Philippine History', '2019/10/01 5:08:38 PM GMT+8', 'yes', 'yes', 'syempre', 'oo naman', 'yes ', 'yes at my home', 'yes', 'yes', 'yes ', 'no because my canvas app is not notify me on my phone', 'yes', 'yes, because we can do it at my home', 'yes', 'yes', 'yes', 'minsan hindi', 'minsan lang', 'yes', 'yes', 'yes', 'yes'),
(95, 95, 'HIS C101- Readings in Philippine History', '2019/10/01 5:08:41 PM GMT+8', 'yes', 'yes', 'yes', 'yes', 'yes', 'yes', 'yes i understand because i also search it on google', 'yes', 'yes', 'yes', 'yes', 'yes', 'yes', 'yes', 'yes she was show up it to us', 'She always do that in the class', 'Yes when we have quizzes', 'yes', 'yes', 'yes', 'yes'),
(96, 96, 'HIS C101- Readings in Philippine History', '2019/10/01 5:09:11 PM GMT+8', 'I can easily login and log out my account anywhere.', 'This made my canvas experience more easier and less hassle.', 'Yes, I can use my account smoothly on other computers.', 'My canvas account have no problems but sometimes the loading of it is slow.', 'My canvas is helpful when it comes to my studies,', 'I can easily log in and out my account anywhere.', 'This is helpful when it comes to my lessons and classes.', 'This is well organized and user friendly.', 'This version is much easir and less hassle.', 'I can use it anytime I want.', 'This will help me to have connections to my professors and classmates.', 'This serves as my online reviewer.', 'Canvas is helpful when it comes to our studies and lessons.', 'This is helpful inside our class but sometimes the lessons inside the canvas is different when it comes to exams or quiz.', 'She know what she is doing and well prepared.', 'She mastered the subject and do well when teaching us the lessons.', 'We always use canvas for backup and suuport.', 'This is helpful because I can easily communicate my professors and classmates.', 'I can easily see my quizzes and I it is well organized.', 'Yes this help me when it comes to my exams and course.', 'It provides time so I can answer and do all my activities, quizzes or exams.'),
(97, 97, 'HIS C101- Readings in Philippine History', '2019/10/01 5:09:15 PM GMT+8', 'Yes, I can easily log-in and log-out', 'I can access it smoothly', 'none', 'I have no issues regarding using the wired internet connection', 'Yes, floor away', 'With strong signal, I can access it anywhere', 'I always read the modules', 'I easily understand the modules', 'I can pick card-view thats easy for me to navigate', 'Yes, I can', 'Yes, my prof is very good at teaching', 'Yes, I read modules ', 'Yes', 'Yes, of course', 'Yes, I strongly agree', 'My instructor is very well versed in the subject matter', 'ALways canvas', 'Yes', 'Yes easily answer', 'Yes very organized', 'I can'),
(98, 98, 'HIS C101- Readings in Philippine History', '2019/10/01 5:09:35 PM GMT+8', 'yes its easily to login and logout', 'yes if applicable in mobile devices or compatible to open.', 'yes in open lab', 'yes i have no issue', 'yes in It department', 'yes it can access outside the campus', 'Yes When the professor having discussion', 'yes when it required', 'sometimes when i can manage', 'yes ', 'yes in our lecture class', 'yes ', 'yes for answering our activity and quizzes', 'yes ', 'yes they can handle our canvas', 'yes sometimes', 'yes when we have to finish all activities', 'sometimes ', 'yes when its appear in notification', 'yes when its open', 'some activities'),
(99, 99, 'HIS C101- Readings in Philippine History', '2019/10/01 5:10:01 PM GMT+8', 'There are no issues on logging in and out of my Canvas Account.', 'There are no issues on accessing my course on mobile Canvas App.', 'There are no issues.', 'There are no issues.', 'No helpful information provided.', 'There are no issues.', 'The grammar of the lessons on my Canvas modules is hard to understand please make the English basic and not complicated.', 'Its not organized and sometimes disarranged.', 'There are no issues.', 'There are no issues.', 'NO relation.', 'ON EXAM DAY THE LESSON IS NOT APPLICABLE BECAUSE THE EXAM IS DIFFERENT FROM THE LESSONS ON THE CANVAS!!!!', 'Its not interesting.', 'NO ABSOLUTELY NOT DURING EXAM THE LESSON ON CANVAS IS NOT APPLICABLE!!!!!', 'YES', 'NO OFTEN ABSENT!', 'NOT REALLY', 'NO ', 'THE MODULE PROVIDED IN CANVAS IS NOT APPLICABLE ON MAJOR EXAMS!!!', 'STRONGLY DISAGREE! COURSE MATERIALS ON CANVAS IS NOT APPLICABLE ON MAJOR EXAMS!!!', 'YES'),
(100, 100, 'HIS C101- Readings in Philippine History', '2019/10/01 5:10:37 PM GMT+8', 'yes, i easily log in in my account.', 'Yes, I can access my course', 'Yes, I can access my canvas account fastly', 'i don\'t have issues in my account so i can easily access', 'yes, but sometimes not easily ', 'sometimes i can\'t access my account outside jru', 'Yes, I can easily understand', 'Yes, I can easily recognized', 'yes', 'yes Yes, I can easily manage it', 'yes i\'ve noticed', 'Yes, I can easily understand', 'yes, it makes me interested', 'Yes, It can help me', 'yes, my instructor knows how to use canvas', 'yes, that\'s true', 'yes, that\'s true', 'yes, that\'s true', 'yes, that\'s true', 'yes, that\'s true', 'yes, that\'s true'),
(101, 101, 'HIS C101- Readings in Philippine History', '2019/10/01 5:10:49 PM GMT+8', 'i dont have problem in canvas', 'i can easily access my canvas', 'i don\'t have any problems in canvas', 'i don\'t have any issues in accessing my canvas account', 'i get my answer reliable and connected to my questions', 'i don\'t have problems in accessing my account', 'i don\'t have problems in the lesson in the canvas', 'the modules are well organized', 'its easy for me to navigate in pc', 'i can easily navigate my task in mobile app', 'i don\'t have problems regarding in this topic', 'i don\'t have problems regarding in this topic', 'i become interested in my canvas account', 'i don\'t have problems regarding in this topic', 'i don\'t have problems regarding in this topic', 'i don\'t have problems regarding in this topic', 'i don\'t have problems regarding in this topic', 'i don\'t have problems regarding in this topic', 'i don\'t have problems regarding in this topic', 'i don\'t have problems regarding in this topic', 'i don\'t have problems regarding in this topic'),
(102, 102, 'HIS C101- Readings in Philippine History', '2019/10/01 5:11:26 PM GMT+8', 'yes i can easily log in my canvas because the smooth computer here in our campus', 'yes i can access my course in my mobile app because canvas has online app', 'yes i can access because i has my own online account ', 'i don\'t have issue about accessing canvas using wifi because of the smooth internet', 'yes because i can communicate my class mate using canvas', 'yes because canvas was online website so i can browse it anywhere i can', 'yes because of the lessons they put in modules', 'yes it was organized', 'yes i can manage', 'yes even in my phone i can easily manage the navigation of my course', 'yes', 'yes', 'yes', 'yes', 'yes', 'yes', 'yes', 'yes', 'yes', 'yes', 'yes'),
(103, 103, 'HIS C101- Readings in Philippine History', '2019/10/01 5:11:42 PM GMT+8', 'I can always easily log-in and log-out to my canvas account.', 'Yes, however, there\'s some problems like the notifications because we are not notified about the tasks in different subjects.', 'I don\'t have any problem in accessing my canvas account using the available computers in JRU.', 'I don\'t have any issues.', 'I did not experience it yet but I observe my classmates that they easily get help in their problems in their Canvas Account.', 'I can always access my canvas account outside JRU.', 'I clearly understand all the lessons.', 'I noticed that there\'s a problem in the modules on the last week so there\'s a confusion about it.', 'I can easily manage the navigation of the courses through the desktop version.', 'There\'s no problem about the navigation of the courses through the mobile app.', 'All the information that the canvas have is tackled in classroom.', 'It will help us to easily understand especially the unfamiliar words.', 'Yes of course, since I want to read more information.', 'It will help me in all tasks.', 'My instructor is always help us.', 'My instructor is giving real experience about the topics.', 'My instructor always remind us about the usage of Canvas.', 'For the communication to my instructor, I am sending a message to my instructor if I have a question, clarification or problem but there\'s no reply comes from my instructor.', 'It will easily for me the assessment materials through the help of modules.', 'It will help us big.', 'Sometimes, there\'s a problem in the time because there\'s a time that we are taught that the deadline is friday but it is tuesday.'),
(104, 104, 'HIS C101- Readings in Philippine History', '2019/10/01 5:11:45 PM GMT+8', 'YES IT IS EASILY TO LOG IN AND LOG OUT IN MY CANVAS', 'YES I CAN ACCESS MY COURSE ON MY MOBILE', 'SOMETIMES THEY HAVE A PROBLEM I CAN`T SIGN IN ANY COMPUTERS IN THIS LAB', 'THE INTERNET CONNECTION IT IS IN GOOD CONDITION', 'YES IT IS EASILY', 'YES I CAN ACCESS', 'YES I CLEARLY UNDERSTAND ALL THE LESSON ', 'SOMETIMES I CAN`T RECOGNIZE BECAUSE OF LAG', 'YES IT IS EASILY', 'YES IT IS EASILY', 'YES I NOTICE THIS', 'I UNDERSTAND ALL OF THIS LESSON', 'YES I`M SO INTERESTED', 'YES THEY HELP ME CANVAS TO FINISH EASILY ALL MY WORKS', 'YES MY INSTRUCTOR IS VERYGOOD PROFESSOR', 'YES', 'YES', 'YES', 'YES', 'YES', 'YES'),
(105, 105, 'HIS C101- Readings in Philippine History', '2019/10/01 5:12:58 PM GMT+8', 'yes', 'yes', 'yes', 'yes', 'yes', 'yes', 'yes', 'yes', 'yes', 'yes', 'yes', 'yes', 'yes', 'yes', 'yes', 'yes', 'yes', 'yes', 'yes', 'yes', 'yes'),
(106, 106, 'HIS C101- Readings in Philippine History', '2019/10/01 5:13:14 PM GMT+8', 'Can easily log-in  and log-out because of fast internet connection.', 'I can access because of compatibility of the app to my mobile device.', 'I can access because of laboratory during class hours but sometimes I cannot access because of capacity of laboratory during peak hours', 'I can access but some computers have faulty wired connection', 'The help button is accessible', 'Yes because of moderate internet speed at home', 'Some courses have incomplete modules or powerpoint', 'Some courses have modules that named or labeled incorrect', 'The interface of desktop version is compatible with desktop and laptop', 'The task in the calendar is not clickable or accessible', 'Some professors do not use modules on canvas instead they present their own course materials', 'Some modules is incoplete or have misleading content', 'Some modules is incoplete or have misleading content', 'Some quizzes have questions that answers are not in the modules', 'They are well-trained to use it but others are lagging behind', 'They can teach those subject with ease and with further explanation', 'All the activities, assignments and modules are in canvas', 'Some professors do not reply', 'Some questions are not in the module', 'Major exams are only aligned with course materials ', 'The time given to us is flexible and long enough'),
(107, 107, 'HIS C101- Readings in Philippine History', '2019/10/01 5:13:29 PM GMT+8', 'Yes because it is easy to use', 'Yes because sometimes I use canvas mobile', 'Yes because in our laboratory there is enough computers for the students', 'No because the internet connection in the laboratory is slow ', 'Yes because they provide technical support for canvas', 'yes because it is in world wide web', 'No Because some slides are hard to understand', 'Yes', 'Yes because it is easy to use', 'No because it not fit on screen', 'Yes because my prof is relying on the modules in canvas', 'no it is hard to understand', 'No because sometimes it is hard to understand', 'Yes because the modules can be use to review', 'Yes because they can use canvas ', 'Yes ', 'yes the encourage us to read modules', 'Yes because of connection to each other', 'Yes', 'Yes ', 'Yes because the deadlines are enough'),
(108, 108, 'HIS C101- Readings in Philippine History', '2019/10/01 5:14:05 PM GMT+8', 'Yes', 'Yes', 'Yes', 'Yes', 'Yes', 'Yes', 'Yes', 'Yes', 'Yes', 'Yes', 'Yes', 'Yes', 'Yes', 'Yes', 'Yes', 'Yes', 'Yes', 'Yes', 'Yes', 'Yes', 'Yes'),
(109, 109, 'HIS C101- Readings in Philippine History', '2019/10/01 5:14:47 PM GMT+8', 'it defends on the internet connection', 'yes i can access', 'yes i can access', 'it defends on the internet connection', 'yes i can get help in H211', 'yes i can access in my personal laptop', 'yes', 'yes', 'yes', 'yes', 'yes', 'yes', 'yes', 'help me to learn and study easily', 'yes they are', 'yes they are', 'yes they will because we alwaysuse canvas for activities and exam', 'yes', 'yes', 'yes', 'yes they give aloted time'),
(110, 110, 'HIS C101- Readings in Philippine History', '2019/10/01 5:15:11 PM GMT+8', 'i dont have any problem with log in and log out', 'yes, i can easily access my course', 'I dont have any problem with accessing my canvas account', 'i dont have any issues', 'i can get help easily', 'Yes, i can access my canvas outside the school', 'i understand it clearly', 'it is well organized', 'can use it easily', 'can manage easily', 'it has connection', 'i understand it clearly', 'it makes me interested', 'it helps a lot', 'they know how to use it', 'it is well demonstrated', 'it encourage a lot', 'can communicate easily', 'agree', 'agree', 'yes'),
(111, 111, 'HIS C101- Readings in Philippine History', '2019/10/01 5:15:17 PM GMT+8', 'i don\'t have a problem with that.', 'Yes. it\'s good the mobile app canvas.', 'it\'s definitely yes, i don\'t have a problem with that.', 'the mbps of the internet connection is not bad but is good', 'i don\'t have a problem in canvas', 'i can access but it\'s not automatically open because you need a code to your google account', 'I can understand any lessons but when it comes in exam the other question don\'t have in canvas', 'yes, it\'s organized the modules', 'yes, it\'s definitely good', 'yes, it\'s definitely good', 'yes, it\'s definitely good', 'yes, it\'s definitely good', 'yes, it\'s definitely good', 'yes, it\'s definitely good', 'yes, it\'s definitely good', 'yes, it\'s definitely good', 'yes, it\'s definitely good', 'yes, it\'s definitely good', 'yes, it\'s definitely good', 'yes, it\'s definitely good', 'i can access canvas'),
(112, 112, 'HIS C101- Readings in Philippine History', '2019/10/01 5:17:52 PM GMT+8', 'It\'s easy the computer is so fast', 'It\'s quick it\'s like a thunder', 'Probably absolute', 'Nothing it\'s all good', 'Beautiful', 'Nice', 'alright', 'Well organized', 'Very good', 'That\'s right', 'No problem', 'Everytime', 'Yes sir', 'Yah', 'Yes', 'Everything', 'Every single time', 'Yes really quick', 'Nice', 'Absolute', 'More time'),
(113, 113, 'HIS C101- Readings in Philippine History', '2019/10/01 5:18:01 PM GMT+8', 'Yes I can easily log in and log out', 'yes I can access, but sometimes It have an error', 'yes I can access canvas from jru computer ', 'I dont have issue accessing my canvas account', 'Yes I can easily get', 'yes i can use jru canvas outside the jru', 'no because some module dosen\'t have a great explanation', 'yes its organize', 'yes i can manage', 'yes i can navigate', 'yes it have', 'yes ', 'yes it make me interest', 'yes', 'yes ', 'yes', 'yes', 'yes it have', 'yes', 'yes it have ', 'no '),
(114, 114, 'HIS C101- Readings in Philippine History', '2019/10/01 5:18:22 PM GMT+8', 'yes it make fast to log out and log in', 'sometimes  the internet so slow so i cant use canvas', 'i can go to library ', 'the internet is slow ', 'yes i can go to h201 to verified my account', 'yes i can access with it', 'yes i can read my modules', 'yes it is writen week by week ', 'yes it easy to do desktop ', 'yes i can easily do it', 'yes the lesson also in canvas and the teacher can discuss it', 'yes ', 'yes', 'yes', 'yes', 'yes', 'yes', 'yes', 'yes', 'yes', 'nope sometime i cant accomplish through canvas because of the time of work'),
(115, 115, 'HIS C101- Readings in Philippine History', '2019/10/01 5:18:38 PM GMT+8', 'yes', 'yes', 'verrygood', 'verygood', 'verygood', 'yes because its more information', 'verygood', 'verygood', 'verygood', 'because its more reliable', 'verygood', 'verygood', 'verygood', 'yhey instruct them how to use canvas', 'verygood', 'verygood', 'verygood', 'verygood', 'verygood', 'verygood', 'verygood'),
(116, 116, 'HIS C101- Readings in Philippine History', '2019/10/01 5:18:58 PM GMT+8', 'Depend on the internet connection.', 'Same as web base.', 'Agree', 'Some the internet connection is low.', 'Yes', 'Friendly user', 'Strongly Agree', 'Strongly Agree', 'Strongly Agree', 'Strongly Agree', 'Strongly Agree', 'Strongly Agree', 'Strongly Agree', 'Strongly Agree', 'Strongly Agree', 'Strongly Agree', 'yes its help a student a lot .', 'yes', 'yes', 'yes', 'yes'),
(117, 117, 'HIS C101- Readings in Philippine History', '2019/10/01 5:20:01 PM GMT+8', 'yes, because I dont have any problem in canvas', 'yes, because I dont have any problem in canvas', 'yes, because I dont have any problem in canvas', 'yes, because I dont have any problem in canvas', 'yes, because I dont have any problem in canvas', 'yes, because I dont have any problem in canvas', 'yes, because I dont have any problem in canvas', 'yes, because I dont have any problem in canvas', 'yes, because I dont have any problem in canvas', 'yes, because I dont have any problem in canvas', 'yes, because I dont have any problem in canvas', 'yes, because I dont have any problem in canvas', 'yes, because I dont have any problem in canvas', 'yes, because I dont have any problem in canvas', 'yes, because I dont have any problem in canvas', 'yes, because I dont have any problem in canvas', 'yes, because I dont have any problem in canvas', 'yes, because I dont have any problem in canvas', 'yes, because I dont have any problem in canvas', 'yes, because I dont have any problem in canvas', 'yes, because I dont have any problem in canvas'),
(118, 118, 'HIS C101- Readings in Philippine History', '2019/10/01 5:23:32 PM GMT+8', 'yes', 'yes', 'yes', 'yes', 'yes', 'yes', 'yes', 'yes', 'yes', 'yes', 'yes', 'yes beacause its flexible', 'yes ', 'because I can read the modules before the face to face discussion', 'yes so they can access some modules on canvas', 'well demontrated', 'Yes to know how to take the quizes', 'so we can communicate easily', 'because it can notify me', 'by dates', 'because there are dues'),
(119, 119, 'HIS C101- Readings in Philippine History', '2019/10/01 6:03:04 PM GMT+8', 'I can easily log-in and log-out my Canvas using my JRU account', 'By using mobile Canvas app I can easily check update about my subject course just using my mobile phone.', 'I can access my Canvas account using the open lab to review in advance for my subjects.', 'Computer laboratories in JRU are well-maintained and have a good connection', 'I can easily get help in the IT department when I lost my password.', 'Even when I\'m not in JRU I can still access my Canvas account.', 'Lessons on my Canvas modules are easy to understand', 'I can easily access the lectures in my course in Canvas', 'I can easily use the Dashboards navigation through desktop version', 'I can easily use the Dashboards navigation through mobile app', 'The course materials on Canvas is related on what we\'re taught in our discussion', 'Canvas course materials makes me more interested in the lecture because I can study in advance and can participate in the discussion', 'Canvas course materials makes me more interested in the lecture because I can study in advance and can participate in the discussion', 'The modules and lectures help me very much to prepare for a discussion or quizzes and exams', 'My instructor knows how to use Canvas.', 'My professor taught me very well in line with the subject matter in Canvas', 'Lectures and quizzes encourage me to use Canvas', 'Canvas has made it easy for me to communicate with my professor and receive announcements ', 'I can answer the assessment materials ', 'Every lectures and modules in Canvas are  the taught on lecture day.', 'Time given is enough to finish an activity'),
(120, 120, 'HIS C101- Readings in Philippine History', '2019/09/30 6:27:14 PM GMT+8', 'i have no problem in my canvas', 'i have no problem in mobile canvas', 'i have no problem in my canvas ', 'i have no problem in my canvas ', 'i have no problem in my canvas ', 'i have no problem in my canvas ', 'i have no problem in my canvas ', 'i have no problem in my canvas ', 'i have no problem in my canvas ', 'i have no problem in my canvas ', 'i have no problem in my canvas ', 'i have no problem in my canvas ', 'i have no problem in my canvas ', 'i have no problem in my canvas ', 'My instructor knows how to use Canvas', 'My instructor demonstrated mastery of the subject matter', 'My instructor encourages me to use Canvas', 'Canvas has made it easy for me to communicate with my instructor', 'I can answer the assessment materials', 'I find the course materials on Canvas aligned ', 'I have been give enough time to accomplish the activities on Canvas'),
(121, 121, 'HIS C101- Readings in Philippine History', '2019/09/30 6:29:09 PM GMT+8', 'I can easily log-in', 'I can access my course using my mobile canvas', 'I can access my canvas account using the available computers in jru', 'I have no issues accessing my Canvas account', 'I can easily get help when I have problems', 'I can access my Canvas account outside jru', 'I can clearly understand the lessons on my Canvas modules', 'I recognize that the modules in my course are well organized', 'I can easily manage the navigation of the courses through the desktop version. ', 'I can easily manage the navigation of the courses through the mobile app.', 'I notice that course materials on Canvas have connection with the face to face (classroom) lesson content.', 'I understand the lessons better with the help of course materials ', 'Canvas course materials make me interested.', 'The course materials on Canvas helped me prepare for: Face to face discussions, quizzes, major exams, assignments, forums.', 'My instructor knows how to use Canvas.', 'My instructor demonstrated mastery of the subject matter. ', 'My instructor encourages me to use Canvas', 'Canvas has made it easy for me to: communicate with my instructor, receive class announcements, share ideas on group discussions.', 'I can answer the assessment materials', 'I find the course materials on Canvas aligned with the: quizzes, major exams, assignments, forums.', 'I have been give enough time to accomplish the activities on Canvas. '),
(122, 122, 'HIS C101- Readings in Philippine History', '2019/09/30 6:30:44 PM GMT+8', 'I cannot open my account in other browser, need security', 'I really agree, because anywhere I can access my course using mobile canvas app', 'there are lot of computer so I can easily access my canvas account anywhere', 'Proper wiring in computer laboraties', 'Easy to access the person the are assisting student that have problem in canvas', 'Using my mobile devices i access my canvas account.', 'every module have clear explaination', 'The order every module is well organized', 'The bootsrap of canvas is strechable.', 'It fit to any mobile devices.', 'Blended learning implemented in canvas and classrom', 'Lot of help by the use of canvas', 'Material in canvas make my interest rate higher', 'Through advance reading it help me to out activity', 'My prof use canvas in classrom very well', 'The prof never disappoint us.', 'Half on canvas and half in classroom', 'sharing ideas through canvas is good', 'Just need connection to answer assessment material', 'very well organized in canvas ', 'the time given to us is enought to accomplish every activity'),
(123, 123, 'HIS C101- Readings in Philippine History', '2019/09/30 6:31:21 PM GMT+8', 'I have no problem in logging-in/logging-out in my canvas account', 'I do have some problem, because sometimes I\'m unable to take the quiz in the canvas app. I answer it using the browser.', 'I have no problem in accessing my canvas account using the computers in JRU', 'It causes me no problem.', 'I have no problem in seeking help with problems in my canvas account.', 'It is easy to access outside JRU when you have stable internet.', 'I have no problem in my canvas modules', 'It is easily to understand.', 'I have no problem about it. ', 'I have no problem about it.', 'I have no problem about it.', 'I have no problem about it.', 'I have no problem about it.', 'I have no problem about it.', 'I have no problem about it.', 'I have no problem about it.', 'I have no problem about it.', 'I have no problem about it.', 'I have no problem about it.', 'I have no problem about it.', 'I have no problem about it.'),
(124, 124, 'HIS C101- Readings in Philippine History', '2019/09/30 6:31:25 PM GMT+8', 'I can easily login and logout my canvas account ', 'i can access my course using the mobile Canvas app', 'I can access my Canvas account using the available computers in JRU', 'i have no issues accessing my Canvas account using the wired internet connection in the computer laboratories.', 'i can easily get help from the ITBL when i have problems with my Canvas account', 'I can use my canvas through mobile or computer outside JRU', 'I can clearly understand the lessons on my Canvas modules.', 'I do recognize that the modules in my course are well organized.', 'I can easily manage the navigation of the courses through the desktop version.', 'I can easily manage the navigation of the courses through the mobile app but sometimes i encounter problems because of bad connection or in the canvas itself.', 'I do notice that it\'s connected from what is being teach face to face in classroom and online.', 'I do understand the lesson better with the help of course materials in Canvas.', 'Canvas course materials make me interested as i can access it even outside jru.', 'The course materials on Canvas helped me prepare for: Face to face discussions, quizzes, major exams, assignments, forums, etc.', 'My instructor knows how to use Canvas.', 'My instructor demonstrated mastery of the subject matter.', 'My instructor encourages me to use Canvas. ', 'Canvas has made it easy for me to: communicate with my instructor, receive class announcements, share ideas on group discussions.', 'I can answer the assessment materials (quiz, exam) posted in Canvas.', 'I find the course materials on Canvas aligned with the: quizzes, major exams, assignments, forums, etc.', 'I have been give enough time to accomplish the activities on Canvas.'),
(125, 125, 'HIS C101- Readings in Philippine History', '2019/09/30 6:32:31 PM GMT+8', 'I CANNOT EASILY LOGOUT MY CANVAS ACC BECAUSE IT NEEDS TO LOGOUT ALSO MY GMAIL ACCOUNT TO ENSURE THAT IS WAS TOTALLY LOG OUT', 'YES I CAN ACCESS MY COURSE USING MY MOBILE CANVAS APPLICATION', 'no sometimes the available computer in jru doesnt have strong connection in internet.', 'yes I have no issues accessing my Canvas account using the wired internet connection in the computer laboratories.', 'I can easily get help when I have problems with my Canvas account because of H211.', 'yes I can access my Canvas account outside JRU.', 'yes I can clearly understand the lessons on my Canvas modules.', 'yes I recognize that the modules in my course are well organized.', 'yes I can easily manage the navigation of the courses through the desktop version.', 'yes I can easily manage the navigation of the courses through the mobile app.', 'yes I notice that course materials on Canvas have connection with the face to face. ', 'I understand the lessons better with the help of course materials in Canvas.', 'yes Canvas course materials make me interested. ', 'yes The course materials on Canvas helped me prepare for: Face to face discussions, quizzes, major exams, assignments, forums, etc.', 'yes My instructor knows how to use Canvas. ', 'yes My instructor demonstrated mastery of the subject matter.', 'yes My instructor encourages me to use Canvas. ', 'yes Canvas has made it easy for me to: communicate with my instructor, receive class announcements, share ideas on group discussions', 'yes I can answer the assessment materials (quiz, exam) posted in Canvas.', 'yes I find the course materials on Canvas aligned with the: quizzes, major exams, assignments, forums, etc.)', 'yes I have been give enough time to accomplish the activities on Canvas.'),
(126, 126, 'HIS C101- Readings in Philippine History', '2019/09/30 6:33:13 PM GMT+8', 'I have no problem in login and log out.', 'I have no problem using my canvas mobile app', 'I can access my canvas account through multiple computers.', 'I have no issues accessing my Canvas', 'I can easily get help when I have problems in my canvas account', 'I can access my canvas account anywhere', 'I can clearly understand the lessons in my canvas', 'The modules in my courses are organized.', 'I can easily manage the courses using the desktop version.', 'I can easily manage the navigation through my mobile app', 'Canvas modules have connection in the face to face discussion.', 'I can understand easily the lesson with the help of canvas', 'Canvas course materials make me more interested.', 'It helps me prepare for my learning', 'My instructor knows how to use canvas.', 'My instructor demonstrated the subject matter', 'My instructor encourages me to use canvas ', 'The canvas made my communication easy', 'I can answer the assessment posted in canvas', 'I find the course materials in canvas are aligned with the activities', 'I have given enough time to finish my activities on canvas'),
(127, 127, 'HIS C101- Readings in Philippine History', '2019/09/30 6:33:20 PM GMT+8', 'I have no problem when log-in and log-out in my canvas account', 'I can access my course using mobile canvas app with no problems', 'Some computer takes a while to load', 'Sometimes it takes times to load', 'The people in IT office is always there to help', 'I have no problem accessing my canvas account outside the campus', 'I can clearly understand all lessons in module', 'Yes, it\'s all organized', 'I have no problems with that', 'It\'s all working', 'Yes, it\'s have a connection', 'Yes', 'it\'s easy to access', 'I have no problems with that', 'Yes, she know\'s how to use canvas', 'Yes, she demonstrated properly', 'Yes, because some forum need to answer', 'I have no problems with that', 'Yes', 'yes, i have no problems with that', 'sometimes no extension to finish the activies'),
(128, 128, 'HIS C101- Readings in Philippine History', '2019/09/30 6:34:43 PM GMT+8', 'i have no problem log-in and log out my canvas account', 'i don\'t use mobile apps, i use browser.', 'its depends on day in regular day i can use easily but if exam day its hard to access in availabe computer in jru', 'I have no issues accessing my Canvas account using the wired internet connection in the computer laboratories.', 'yes i can easily get help but sa processing to fix the problem is too slow\n', 'In our house i always access my canvas acccount', 'some of the lecture cant understand clearly', 'I recognize that the modules in my course are well organized.', 'I can easily manage the navigation of the courses through the desktop version', 'I can easily manage the navigation of the courses through the mobile app', 'I dont notice that course materials on Canvas have connection with the face to face', 'I understand the lessons better with the help of course materials in Canvas.', 'Canvas course materials make me interested. (Please write your views about this relating to your answer above', 'The course materials on Canvas helped me prepare for: Face to face discussions, quizzes, major exams, assignments, forums, etc.', 'My instructor knows how to use Canvas ', 'My instructor demonstrated mastery of the subject matter', 'My instructor encourages me to use Canvas', 'Canvas has made it easy for me to: communicate with my instructor, receive class announcements, share ideas on group discussions ', 'I can answer the assessment materials (quiz, exam) posted in Canvas', 'I find the course materials on Canvas aligned with the: quizzes, major exams, assignments, forums, etc.)', 'I have been give enough time to accomplish the activities on Canvas.'),
(129, 129, 'HIS C101- Readings in Philippine History', '2019/09/30 6:35:12 PM GMT+8', 'Yes i can easy log in my canvas', 'Yes i can easy access the canvas in my mobile phone', 'yes i can when it have an available computer in school', 'yes i don\'t have any issue of it by accessing my canvas', 'i can easily get help in IT dept when i have my problem in my acc', 'yes i can use the canvas outside in jru', 'i don\'t because i need my prof to understand to ', 'yes i can recognize it', 'yes i can easily use the computer ', 'yes i can manage it the course', 'being student it hard when it comes in  canvas it much better by doing face to face', 'i undersdatand the lesson by using the canvas', 'this course gave me interested ', 'yes much better by doing the canvas, i like face to face when it comes in teaching but in quizes much better in canvas', 'yes very know it', 'my prof good at teaching by using the canvas', 'my instructor always say to us to check our canvas', 'i can easily message my prof', 'i can easily access it', 'i find it very usefully', 'i have been hard to finish when it comes due date'),
(130, 130, 'HIS C101- Readings in Philippine History', '2019/09/30 6:36:03 PM GMT+8', 'It has verification code when logging in to Google Chrome', 'I can use it anywhere.', 'Lack of computers in laboratory.', 'I never try it.', 'Slow actions of faculty in charge.', 'It is not available in google chrome.', 'It helps me when it comes to reading modules.', 'There are organized chart.', 'I usually used desktop through firefox.', 'It is downloadable through mobile phone.', 'There is a time that i can\'t understand more when face to face.', 'I cant understand what is all about.', 'To have knowledge from it.', 'there are time that lesson is not well discussed then there\'s have surprice quiz, assignmen and exams.', 'She never thought well.', 'Not discussed well.', 'She never thought what is module all about.', 'Lack of giving examples.', 'There\'s a time that we didn\'t know the access code because of absences', 'There is an surprise quizzes and assignment.', 'Sunday is the due.'),
(131, 131, 'HIS C101- Readings in Philippine History', '2019/09/30 6:36:34 PM GMT+8', 'I can log-in and log-out easily.', 'I can access my course using the mobile app.', 'Some computers take a while to boot.', 'There are no issues regarding wired internet connection in computer laboratories.', 'The people in the IT office are approachable.', 'I can without any problem.', 'I have no problem with modules in canvas except when the teacher doesn\'t post it.', 'I have no problem with module organization.', 'It is more easy using desktop version.', 'I can but I usually use desktop version.', 'The teacher should explain it well.', 'It is the only material where I could learn the course myself.', 'Not really but it is important.', 'It is where the learning is.', 'The access codes could have had been announced in canvas instead of waiting till lecture day. Some cases there are no classes due to weather.', 'She explains the modules.', 'Canvas is where the grades is.', 'But we don\'t do that.', 'There is the need to know the access codes.', 'It is where the grade is.', 'Time is extended when needed.'),
(132, 132, 'HIS C101- Readings in Philippine History', '2019/09/30 6:37:14 PM GMT+8', 'i have no problem in loging-in my account', 'i can a access my course using mobile canvas app. on my mobile phone', 'i can always access my canvas account when there is available computers in jru', 'i have no problem on accessing my canvas account using the wired internet connection in the computer laboratories', 'i can always get help when i have problems with my canvas account', 'i have no problem on accessing my account outside jru', 'i have no issue on understanding the lesson on my canvas module', 'my modules in my course are well organized', 'i have no problem on managing the navigation of the course through the desktop version', 'i have no problem on managing the navigation of the course through the desktop version', 'yes the course materials on my canvas have connection on the face to face lesson content', 'yes i can understand the lesson better with the help of course materials in canvas ', 'yes canvas course materials make me interested', 'yes course materials on Canvas helped me prepare for face to face discussions, quizzes, major exams, assignments, forums, etc', 'yes my instructor knows how to use canvas', 'yes  my instructor demonstrated mastery of the subject matter', 'yes instructor encourages me to use canvas', 'yes canvas has made it easy for me to communicate with my instructor, receive class announcements, share ideas on group discussions', 'yes i can answer the assessment materials quiz, exam posted in Canvas', 'yes i find the course materials on canvas aligned with the: quizzes, major exams, assignments, forums, etc.', 'yes i have been give enough time to accomplish the activities on canvas'),
(133, 133, 'HIS C101- Readings in Philippine History', '2019/09/30 6:39:35 PM GMT+8', 'Yes, i have no problem in loging in and loging out my canvas account.', 'i can access my canvas account through my phone.', 'i can access my canvas account in computer laboratory only when my prof is around.', 'sometimes there\'s a times that the wifi isn\'t good enough to open my canvas because it is too slow specially in the (AM) Morning.', 'my answer is Strong Disagree because i have no problem althrough out in using my canvas account.', 'yes i can access my account outside the school ', 'yes i understand what is the lesson on the canvas with the help of my prof in lecture days', 'the modules in the canvas is well organized', 'yes i can easily navigate the courses in desktop', 'yes i can easily manage the navigation courses through the mobile app', 'yes i noticed the face to face. ', 'i understand the lessons better with the help of course materials in Canvas', 'yes the Canvas course materials make me interested', 'yes i will helped this for my face to face discussion also in quizzes prelim midterm finals ', 'she knows how to use canvas ', 'yes i know that the subject shes teach is her mastery subject', 'yes because it will help this to answer my quizzes and assignments', 'i can communicate with the help of canvas recieve a anoucement and sahre my ideas in face to face', 'I can answer the assessment materials quiz, exam', ' Canvas aligned with the quizzes prelim midterm etc.', 'i have been give enough time to accomplish the activities on Canvas'),
(134, 134, 'HIS C101- Readings in Philippine History', '2019/09/30 6:39:43 PM GMT+8', 'I have no problem to log-in and log-out my canvas', 'i can access easy using my phone', 'i have no problem ', 'need to upgrade the internet connection', 'i never try', 'i have no problem using outside', 'i have no problem for that', 'i have no problem', 'i cannot incounter for that problem', 'i have no problem using my mobile app', 'thier i times some classroom they have no connection', 'sometimes i cannot understand', 'i have no problem', 'their have no problem', 'thier have no problem', 'sometimes i cannot understand my instructor', 'i have no problem', 'yes their have no problem', 'i can access easly in my canvas', 'i have no problem', 'i have no problem'),
(135, 135, 'HIS C101- Readings in Philippine History', '2019/09/30 7:07:59 PM GMT+8', 'Yes, its easy to log out', 'Yes, its easily ', 'Yes, its easily ', 'Yes, its easily ', 'Yes, its easily ', 'Yes, its easily ', 'Yes, its easily ', 'Yes, its easily ', 'Yes, its easily ', 'Yes, its easily ', 'Yes, its easily ', 'Yes, its easily ', 'Yes makes me interested', 'Yes, its easily ', 'Yes', 'Yes, its easily ', 'Yes, its easily ', 'Yes, its easily ', 'Yes, its easily ', 'Yes, its easily ', 'yes'),
(136, 136, 'HIS C101- Readings in Philippine History', '2019/10/01 2:31:33 PM GMT+8', 'I have no problem with that', 'I have no problem with that', 'Yes I can access', 'Sometimes it takes time to load', 'Yes, the people in IT office is always ready to help', 'I have no problem with that', 'Yes its clearly for me', 'Yes it\'s well organized', 'I have no problem with that', 'I have no problem with that', 'Yes it has connection on lecture day', 'Yes I clearly understand', 'It\'s interesting', 'I have no problem with that', 'Yes she knows', 'Yes she\'s teaching well', 'Yes because some forums need to answer', 'I have no problem with that', 'Yes I can', 'I have no problem with that', 'Yes sometimes she extends the deadline'),
(137, 137, 'HIS C101- Readings in Philippine History', '2019/10/01 2:47:05 PM GMT+8', 'strongly agree', 'strongly agree', 'strongly agree', 'strongly agree', 'strongly agree', 'strongly agree', 'strongly agree', 'strongly agree', 'strongly agree', 'strongly agree', 'strongly agree', 'strongly agree', 'strongly agree', 'strongly agree', 'strongly agree', 'strongly agree', 'strongly agree', 'strongly agree', 'strongly agree', 'strongly agree', 'strongly agree'),
(138, 138, 'HIS C101- Readings in Philippine History', '2019/10/02 7:33:59 AM GMT+8', 'Yes', 'yes', 'yes', 'yes', 'yes', 'yes', 'yes', 'yes', 'yes', 'yes', 'yes', 'yes', 'yes', 'yes', 'yes', 'yes', 'yes', 'yes', 'yes', 'yes', 'yes'),
(139, 139, 'HIS C101- Readings in Philippine History', '2019/10/03 12:29:58 AM GMT+8', 'There are some times where i cant log in when i use other computers. This is very troubling since those times i need to take quizzes', 'No problem here', 'No problem here', 'No problem here', 'The guys at itbl gets the job done.', 'Sometimes i cant log in', 'Yes', 'Yes', 'Yes', 'Yes', 'Yes', 'Yes', 'Yes', 'Yes', 'Yes', 'Yes', 'Yes', 'Yes', 'Yes', 'Yes', 'Yes'),
(140, 140, 'HIS C101- Readings in Philippine History', '2019/10/03 3:07:30 PM GMT+8', 'yes', 'yes', 'yes', 'yes', 'yes', 'yes', 'yes', 'yes', 'yes', 'yes', 'yes', 'yes', 'yes', 'yes', 'yes', 'yes', 'yes', 'yes', 'yes', 'yes', 'yes'),
(141, 141, 'HIS C101- Readings in Philippine History', '2021-05-14 11:38:53.802121', 'nkjsdhksdh', 'ijedowjed', 'jeodjw', 'sjfsjfosj', 'oijsojdos', 'jsodjosjoj', 'jsojofjspeipi', 'kpkpkpkpk', 'pkpkpjoh', 'johojij', 'jojojojpj', 'pojjjihihi', 'hjhkhkk', 'ihihihiuho', 'hvghvvnn', 'bbjbjbjbb', 'hugguvvgyv', 'bjjbjbjb', 'jhbjhbjbj', 'jhbjhbjbj', 'ihihihih');

-- --------------------------------------------------------

--
-- Table structure for table `surveyquestions`
--

CREATE TABLE `surveyquestions` (
  `question_id` int(11) NOT NULL,
  `question_description` varchar(255) NOT NULL
) ENGINE=InnoDB DEFAULT CHARSET=latin1;

--
-- Dumping data for table `surveyquestions`
--

INSERT INTO `surveyquestions` (`question_id`, `question_description`) VALUES
(1, '1. I can easily log-in and log-out my Canvas account.'),
(2, '2. I can access my course using the mobile Canvas app. '),
(3, '3. I can access my Canvas account using the available computers in JRU. '),
(4, '4. I have no issues accessing my Canvas account using the wired internet connection in the computer laboratories. '),
(5, '5. I can easily get help when I have problems with my Canvas account. '),
(6, '6. I can access my Canvas account outside JRU. '),
(7, '7. I can clearly understand the lessons on my Canvas modules. '),
(8, '8. I recognize that the modules in my course are well organized. '),
(9, '9. I can easily manage the navigation of the courses through the desktop version. '),
(10, '10. I can easily manage the navigation of the courses through the mobile app. '),
(11, '11. I notice that course materials on Canvas have connection with the face to face (classroom) lesson content. '),
(12, '12. I understand the lessons better with the help of course materials in Canvas. '),
(13, '13. Canvas course materials make me interested. '),
(14, '14. The course materials on Canvas helped me prepare for: a. Face to Face discussions, b. Quizzes, c. Prelim/Midterm/Final Exam, d. Others'),
(15, '15. My instructor knows how to use Canvas. '),
(16, '16. My instructor demonstrated mastery of the subject matter. '),
(17, '17. My instructor encourages me to use Canvas. '),
(18, '18. Canvas has made it easy for me to: a. Communicate with my instructor, b. Receive class announcements, c. Share ideas on group discussions'),
(19, '19. I can answer the assessment materials (quiz, exam) posted in Canvas. '),
(20, '20. I find the course materials on Canvas aligned with the: a. Quizzes, b. Major (Prelim, Midterm) Exam, c. Other tasks'),
(21, '21. I have been given enough time to accomplish the activities on Canvas. '),
(22, '22. What I like best in Canvas is/are: '),
(23, '23. What I like least in Canvas is/are: '),
(24, '24. I would like to suggest: ');

-- --------------------------------------------------------

--
-- Table structure for table `user`
--

CREATE TABLE `user` (
  `id` int(11) NOT NULL,
  `name` varchar(55) NOT NULL,
  `username` varchar(255) NOT NULL,
  `password` varchar(55) NOT NULL,
  `role` varchar(55) NOT NULL,
  `is_user` tinyint(1) NOT NULL,
  `is_admin` tinyint(1) NOT NULL,
  `is_itbl` tinyint(1) NOT NULL,
  `is_ito` tinyint(1) NOT NULL,
  `is_acad` int(1) NOT NULL
) ENGINE=InnoDB DEFAULT CHARSET=utf8mb4;

--
-- Dumping data for table `user`
--

INSERT INTO `user` (`id`, `name`, `username`, `password`, `role`, `is_user`, `is_admin`, `is_itbl`, `is_ito`, `is_acad`) VALUES
(1, 'Robert Buskirk', 'UERobertBuskirk', 'UERobertBuskirk123', 'student', 1, 0, 0, 0, 0),
(2, 'Helen Slater', 'UEHelenSlater', 'UEHelenSlater123', 'student', 1, 0, 0, 0, 0),
(3, 'William Miller', 'UEWilliamMiller', 'UEWilliamMiller123', 'student', 1, 0, 0, 0, 0),
(4, 'Adam Lau', 'UEAdamLau', 'UEAdamLau123', 'student', 1, 0, 0, 0, 0),
(5, 'Joann Love', 'UEJoannLove', 'UEJoannLove123', 'student', 1, 0, 0, 0, 0),
(6, 'Julie Carter', 'UEJulieCarter', 'UEJulieCarter123', 'student', 1, 0, 0, 0, 0),
(7, 'John Jenkins', 'UEJohnJenkins', 'UEJohnJenkins123', 'student', 1, 0, 0, 0, 0),
(8, 'Valerie Lewis', 'UEValerieLewis', 'UEValerieLewis123', 'student', 1, 0, 0, 0, 0),
(9, 'Julius Bishop', 'UEJuliusBishop', 'UEJuliusBishop123', 'student', 1, 0, 0, 0, 0),
(10, 'Alana Bell', 'UEAlanaBell', 'UEAlanaBell123', 'student', 1, 0, 0, 0, 0),
(11, 'Martin Platt', 'UEMartinPlatt', 'UEMartinPlatt123', 'student', 1, 0, 0, 0, 0),
(12, 'Randi Gibbs', 'UERandiGibbs', 'UERandiGibbs123', 'student', 1, 0, 0, 0, 0),
(13, 'Raymond Zuhlke', 'UERaymondZuhlke', 'UERaymondZuhlke123', 'student', 1, 0, 0, 0, 0),
(14, 'James Noland', 'UEJamesNoland', 'UEJamesNoland123', 'student', 1, 0, 0, 0, 0),
(15, 'Thomas Perez', 'UEThomasPerez', 'UEThomasPerez123', 'student', 1, 0, 0, 0, 0),
(16, 'Theresa Terrell', 'UETheresaTerrell', 'UETheresaTerrell123', 'student', 1, 0, 0, 0, 0),
(17, 'Melvin Nunez', 'UEMelvinNunez', 'UEMelvinNunez123', 'student', 1, 0, 0, 0, 0),
(18, 'Taryn Fernandez', 'UETarynFernandez', 'UETarynFernandez123', 'student', 1, 0, 0, 0, 0),
(19, 'Allen Morris', 'UEAllenMorris', 'UEAllenMorris123', 'student', 1, 0, 0, 0, 0),
(20, 'Jimmy Sparkman', 'UEJimmySparkman', 'UEJimmySparkman123', 'student', 1, 0, 0, 0, 0),
(21, 'Thelma Delagarza', 'UEThelmaDelagarza', 'UEThelmaDelagarza123', 'student', 1, 0, 0, 0, 0),
(22, 'Jason Beech', 'UEJasonBeech', 'UEJasonBeech123', 'student', 1, 0, 0, 0, 0),
(23, 'Joyce Johnson', 'UEJoyceJohnson', 'UEJoyceJohnson123', 'student', 1, 0, 0, 0, 0),
(24, 'John Tran', 'UEJohnTran', 'UEJohnTran123', 'student', 1, 0, 0, 0, 0),
(25, 'Dustin Rodriguez', 'UEDustinRodriguez', 'UEDustinRodriguez123', 'student', 1, 0, 0, 0, 0),
(26, 'Dennis Plater', 'UEDennisPlater', 'UEDennisPlater123', 'student', 1, 0, 0, 0, 0),
(27, 'Brian Graf', 'UEBrianGraf', 'UEBrianGraf123', 'student', 1, 0, 0, 0, 0),
(28, 'Jason Mondragon', 'UEJasonMondragon', 'UEJasonMondragon123', 'student', 1, 0, 0, 0, 0),
(29, 'Travis Mapes', 'UETravisMapes', 'UETravisMapes123', 'student', 1, 0, 0, 0, 0),
(30, 'William Girard', 'UEWilliamGirard', 'UEWilliamGirard123', 'student', 1, 0, 0, 0, 0),
(31, 'Jerome Duran', 'UEJeromeDuran', 'UEJeromeDuran123', 'student', 1, 0, 0, 0, 0),
(32, 'Teri Logan', 'UETeriLogan', 'UETeriLogan123', 'student', 1, 0, 0, 0, 0),
(33, 'Bobby Cagle', 'UEBobbyCagle', 'UEBobbyCagle123', 'student', 1, 0, 0, 0, 0),
(34, 'Charles Lavalle', 'UECharlesLavalle', 'UECharlesLavalle123', 'student', 1, 0, 0, 0, 0),
(35, 'John Young', 'UEJohnYoung', 'UEJohnYoung123', 'student', 1, 0, 0, 0, 0),
(36, 'Robert Watson', 'UERobertWatson', 'UERobertWatson123', 'student', 1, 0, 0, 0, 0),
(37, 'Edward Calhoun', 'UEEdwardCalhoun', 'UEEdwardCalhoun123', 'student', 1, 0, 0, 0, 0),
(38, 'Keely Rash', 'UEKeelyRash', 'UEKeelyRash123', 'student', 1, 0, 0, 0, 0),
(39, 'Jack Christensen', 'UEJackChristensen', 'UEJackChristensen123', 'student', 1, 0, 0, 0, 0),
(40, 'Michael Osterstuck', 'UEMichaelOsterstuck', 'UEMichaelOsterstuck123', 'student', 1, 0, 0, 0, 0),
(41, 'Marie Hirtz', 'UEMarieHirtz', 'UEMarieHirtz123', 'student', 1, 0, 0, 0, 0),
(42, 'William Patel', 'UEWilliamPatel', 'UEWilliamPatel123', 'student', 1, 0, 0, 0, 0),
(43, 'Dennis Simpson', 'UEDennisSimpson', 'UEDennisSimpson123', 'student', 1, 0, 0, 0, 0),
(44, 'Joseph Digeorgio', 'UEJosephDigeorgio', 'UEJosephDigeorgio123', 'student', 1, 0, 0, 0, 0),
(45, 'Annie Cerda', 'UEAnnieCerda', 'UEAnnieCerda123', 'student', 1, 0, 0, 0, 0),
(46, 'Brittany Marsingill', 'UEBrittanyMarsingill', 'UEBrittanyMarsingill123', 'student', 1, 0, 0, 0, 0),
(47, 'Lucille Randle', 'UELucilleRandle', 'UELucilleRandle123', 'student', 1, 0, 0, 0, 0),
(48, 'Sally Stahnke', 'UESallyStahnke', 'UESallyStahnke123', 'student', 1, 0, 0, 0, 0),
(49, 'Robert Nelson', 'UERobertNelson', 'UERobertNelson123', 'student', 1, 0, 0, 0, 0),
(50, 'Anthony Burke', 'UEAnthonyBurke', 'UEAnthonyBurke123', 'student', 1, 0, 0, 0, 0),
(51, 'Marcia Wagner', 'UEMarciaWagner', 'UEMarciaWagner123', 'student', 1, 0, 0, 0, 0),
(52, 'Nellie Williams', 'UENellieWilliams', 'UENellieWilliams123', 'student', 1, 0, 0, 0, 0),
(53, 'Amanda Wick', 'UEAmandaWick', 'UEAmandaWick123', 'student', 1, 0, 0, 0, 0),
(54, 'Michael Marston', 'UEMichaelMarston', 'UEMichaelMarston123', 'student', 1, 0, 0, 0, 0),
(55, 'Joshua Egerton', 'UEJoshuaEgerton', 'UEJoshuaEgerton123', 'student', 1, 0, 0, 0, 0),
(56, 'Esther Mcgloster', 'UEEstherMcgloster', 'UEEstherMcgloster123', 'student', 1, 0, 0, 0, 0),
(57, 'Sharon Capozzoli', 'UESharonCapozzoli', 'UESharonCapozzoli123', 'student', 1, 0, 0, 0, 0),
(58, 'Curtis Wu', 'UECurtisWu', 'UECurtisWu123', 'student', 1, 0, 0, 0, 0),
(59, 'Henry Wilson', 'UEHenryWilson', 'UEHenryWilson123', 'student', 1, 0, 0, 0, 0),
(60, 'Roderick Williams', 'UERoderickWilliams', 'UERoderickWilliams123', 'student', 1, 0, 0, 0, 0),
(61, 'Lucile Robinson', 'UELucileRobinson', 'UELucileRobinson123', 'student', 1, 0, 0, 0, 0),
(62, 'Cecil Joy', 'UECecilJoy', 'UECecilJoy123', 'student', 1, 0, 0, 0, 0),
(63, 'Janet Walker', 'UEJanetWalker', 'UEJanetWalker123', 'student', 1, 0, 0, 0, 0),
(64, 'Denise Treanor', 'UEDeniseTreanor', 'UEDeniseTreanor123', 'student', 1, 0, 0, 0, 0),
(65, 'Heather Mccomas', 'UEHeatherMccomas', 'UEHeatherMccomas123', 'student', 1, 0, 0, 0, 0),
(66, 'Jamie Hood', 'UEJamieHood', 'UEJamieHood123', 'student', 1, 0, 0, 0, 0),
(67, 'Barbara Pedrick', 'UEBarbaraPedrick', 'UEBarbaraPedrick123', 'student', 1, 0, 0, 0, 0),
(68, 'John Hursh', 'UEJohnHursh', 'UEJohnHursh123', 'student', 1, 0, 0, 0, 0),
(69, 'Barbara Lowe', 'UEBarbaraLowe', 'UEBarbaraLowe123', 'student', 1, 0, 0, 0, 0),
(70, 'Irma Sandifer', 'UEIrmaSandifer', 'UEIrmaSandifer123', 'student', 1, 0, 0, 0, 0),
(71, 'Thomas Thompson', 'UEThomasThompson', 'UEThomasThompson123', 'student', 1, 0, 0, 0, 0),
(72, 'Joseph Wittkop', 'UEJosephWittkop', 'UEJosephWittkop123', 'student', 1, 0, 0, 0, 0),
(73, 'Marvin Lane', 'UEMarvinLane', 'UEMarvinLane123', 'student', 1, 0, 0, 0, 0),
(74, 'Jacob Clayton', 'UEJacobClayton', 'UEJacobClayton123', 'student', 1, 0, 0, 0, 0),
(75, 'Angela Wiggins', 'UEAngelaWiggins', 'UEAngelaWiggins123', 'student', 1, 0, 0, 0, 0),
(76, 'Otha Kramer', 'UEOthaKramer', 'UEOthaKramer123', 'student', 1, 0, 0, 0, 0),
(77, 'Gregory Brown', 'UEGregoryBrown', 'UEGregoryBrown123', 'student', 1, 0, 0, 0, 0),
(78, 'Jose Bowen', 'UEJoseBowen', 'UEJoseBowen123', 'student', 1, 0, 0, 0, 0),
(79, 'Sherry Rubio', 'UESherryRubio', 'UESherryRubio123', 'student', 1, 0, 0, 0, 0),
(80, 'Dixie Bruce', 'UEDixieBruce', 'UEDixieBruce123', 'student', 1, 0, 0, 0, 0),
(81, 'Katherine Noman', 'UEKatherineNoman', 'UEKatherineNoman123', 'student', 1, 0, 0, 0, 0),
(82, 'Marion Gurney', 'UEMarionGurney', 'UEMarionGurney123', 'student', 1, 0, 0, 0, 0),
(83, 'Edward Ward', 'UEEdwardWard', 'UEEdwardWard123', 'student', 1, 0, 0, 0, 0),
(84, 'Dale Reveal', 'UEDaleReveal', 'UEDaleReveal123', 'student', 1, 0, 0, 0, 0),
(85, 'Mark Jones', 'UEMarkJones', 'UEMarkJones123', 'student', 1, 0, 0, 0, 0),
(86, 'Jose Dietz', 'UEJoseDietz', 'UEJoseDietz123', 'student', 1, 0, 0, 0, 0),
(87, 'Patience Holderby', 'UEPatienceHolderby', 'UEPatienceHolderby123', 'student', 1, 0, 0, 0, 0),
(88, 'Verna Ma', 'UEVernaMa', 'UEVernaMa123', 'student', 1, 0, 0, 0, 0),
(89, 'Troy Williams', 'UETroyWilliams', 'UETroyWilliams123', 'student', 1, 0, 0, 0, 0),
(90, 'Kimberly Roberto', 'UEKimberlyRoberto', 'UEKimberlyRoberto123', 'student', 1, 0, 0, 0, 0),
(91, 'Michael Latch', 'UEMichaelLatch', 'UEMichaelLatch123', 'student', 1, 0, 0, 0, 0),
(92, 'James Fields', 'UEJamesFields', 'UEJamesFields123', 'student', 1, 0, 0, 0, 0),
(93, 'Katie Walker', 'UEKatieWalker', 'UEKatieWalker123', 'student', 1, 0, 0, 0, 0),
(94, 'Michael Coy', 'UEMichaelCoy', 'UEMichaelCoy123', 'student', 1, 0, 0, 0, 0),
(95, 'David Papitto', 'UEDavidPapitto', 'UEDavidPapitto123', 'student', 1, 0, 0, 0, 0),
(96, 'Ronald Lentini', 'UERonaldLentini', 'UERonaldLentini123', 'student', 1, 0, 0, 0, 0),
(97, 'Mary Bischoff', 'UEMaryBischoff', 'UEMaryBischoff123', 'student', 1, 0, 0, 0, 0),
(98, 'Michael Stroh', 'UEMichaelStroh', 'UEMichaelStroh123', 'student', 1, 0, 0, 0, 0),
(99, 'Scott Brown', 'UEScottBrown', 'UEScottBrown123', 'student', 1, 0, 0, 0, 0),
(100, 'Jennifer Wilson', 'UEJenniferWilson', 'UEJenniferWilson123', 'student', 1, 0, 0, 0, 0),
(101, 'Joseph Chambers', 'UEJosephChambers', 'UEJosephChambers123', 'student', 1, 0, 0, 0, 0),
(102, 'Dick Alford', 'UEDickAlford', 'UEDickAlford123', 'student', 1, 0, 0, 0, 0),
(103, 'Chase Stakkeland', 'UEChaseStakkeland', 'UEChaseStakkeland123', 'student', 1, 0, 0, 0, 0),
(104, 'Nathan Herlocker', 'UENathanHerlocker', 'UENathanHerlocker123', 'student', 1, 0, 0, 0, 0),
(105, 'Troy Williams', 'UETroyWilliams', 'UETroyWilliams123', 'student', 1, 0, 0, 0, 0),
(106, 'Carlos Gustafson', 'UECarlosGustafson', 'UECarlosGustafson123', 'student', 1, 0, 0, 0, 0),
(107, 'Robert Stehle', 'UERobertStehle', 'UERobertStehle123', 'student', 1, 0, 0, 0, 0),
(108, 'Stacey Torres', 'UEStaceyTorres', 'UEStaceyTorres123', 'student', 1, 0, 0, 0, 0),
(109, 'Paul Seldon', 'UEPaulSeldon', 'UEPaulSeldon123', 'student', 1, 0, 0, 0, 0),
(110, 'Yong Bartz', 'UEYongBartz', 'UEYongBartz123', 'student', 1, 0, 0, 0, 0),
(111, 'Chris Ramos', 'UEChrisRamos', 'UEChrisRamos123', 'student', 1, 0, 0, 0, 0),
(112, 'Brandon Silva', 'UEBrandonSilva', 'UEBrandonSilva123', 'student', 1, 0, 0, 0, 0),
(113, 'Charles Bormann', 'UECharlesBormann', 'UECharlesBormann123', 'student', 1, 0, 0, 0, 0),
(114, 'Edward Scott', 'UEEdwardScott', 'UEEdwardScott123', 'student', 1, 0, 0, 0, 0),
(115, 'Pamela Crockett', 'UEPamelaCrockett', 'UEPamelaCrockett123', 'student', 1, 0, 0, 0, 0),
(116, 'Reyna Mcnally', 'UEReynaMcnally', 'UEReynaMcnally123', 'student', 1, 0, 0, 0, 0),
(117, 'Theresa Heimann', 'UETheresaHeimann', 'UETheresaHeimann123', 'student', 1, 0, 0, 0, 0),
(118, 'Efren Cadena', 'UEEfrenCadena', 'UEEfrenCadena123', 'student', 1, 0, 0, 0, 0),
(119, 'Lucille Hayes', 'UELucilleHayes', 'UELucilleHayes123', 'student', 1, 0, 0, 0, 0),
(120, 'Margaret Johnson', 'UEMargaretJohnson', 'UEMargaretJohnson123', 'student', 1, 0, 0, 0, 0),
(121, 'Amanda Wright', 'UEAmandaWright', 'UEAmandaWright123', 'student', 1, 0, 0, 0, 0),
(122, 'Donald Inoue', 'UEDonaldInoue', 'UEDonaldInoue123', 'student', 1, 0, 0, 0, 0),
(123, 'Becky Hutchins', 'UEBeckyHutchins', 'UEBeckyHutchins123', 'student', 1, 0, 0, 0, 0),
(124, 'Jack Corder', 'UEJackCorder', 'UEJackCorder123', 'student', 1, 0, 0, 0, 0),
(125, 'Shannon Adkinson', 'UEShannonAdkinson', 'UEShannonAdkinson123', 'student', 1, 0, 0, 0, 0),
(126, 'Ryan Polsgrove', 'UERyanPolsgrove', 'UERyanPolsgrove123', 'student', 1, 0, 0, 0, 0),
(127, 'Lisa Perry', 'UELisaPerry', 'UELisaPerry123', 'student', 1, 0, 0, 0, 0),
(128, 'Judy Simmons', 'UEJudySimmons', 'UEJudySimmons123', 'student', 1, 0, 0, 0, 0),
(129, 'Billy Hamilton', 'UEBillyHamilton', 'UEBillyHamilton123', 'student', 1, 0, 0, 0, 0),
(130, 'Judy Addiego', 'UEJudyAddiego', 'UEJudyAddiego123', 'student', 1, 0, 0, 0, 0),
(131, 'George Rossi', 'UEGeorgeRossi', 'UEGeorgeRossi123', 'student', 1, 0, 0, 0, 0),
(132, 'Constance Cooper', 'UEConstanceCooper', 'UEConstanceCooper123', 'student', 1, 0, 0, 0, 0),
(133, 'Darlene Hatfield', 'UEDarleneHatfield', 'UEDarleneHatfield123', 'student', 1, 0, 0, 0, 0),
(134, 'Ross Moore', 'UERossMoore', 'UERossMoore123', 'student', 1, 0, 0, 0, 0),
(135, 'Lara Sager', 'UELaraSager', 'UELaraSager123', 'student', 1, 0, 0, 0, 0),
(136, 'Larry Rodgers', 'UELarryRodgers', 'UELarryRodgers123', 'student', 1, 0, 0, 0, 0),
(137, 'Susan Michael', 'UESusanMichael', 'UESusanMichael123', 'student', 1, 0, 0, 0, 0),
(138, 'Francisco Speer', 'UEFranciscoSpeer', 'UEFranciscoSpeer123', 'student', 1, 0, 0, 0, 0),
(139, 'Chris Shoemaker', 'UEChrisShoemaker', 'UEChrisShoemaker123', 'student', 1, 0, 0, 0, 0),
(140, 'Jamie Sabbagh', 'UEJamieSabbagh', 'UEJamieSabbagh123', 'student', 1, 0, 0, 0, 0),
(147, 'Eingel Figueroa', 'Eingel', '12345', 'admin', 0, 1, 0, 0, 0),
(148, 'Austin Wade', 'Austin', 'Austin1', '', 0, 0, 1, 0, 0),
(149, 'Jaiden Oneal', 'Jaiden', 'JaidenOneal', '', 0, 0, 0, 1, 0),
(150, 'Celton Levine', 'Celton', 'Celton', '', 0, 0, 0, 0, 1);

--
-- Indexes for dumped tables
--

--
-- Indexes for table `auth_group`
--
ALTER TABLE `auth_group`
  ADD PRIMARY KEY (`id`),
  ADD UNIQUE KEY `name` (`name`);

--
-- Indexes for table `auth_group_permissions`
--
ALTER TABLE `auth_group_permissions`
  ADD PRIMARY KEY (`id`),
  ADD UNIQUE KEY `auth_group_permissions_group_id_permission_id_0cd325b0_uniq` (`group_id`,`permission_id`),
  ADD KEY `auth_group_permissio_permission_id_84c5c92e_fk_auth_perm` (`permission_id`);

--
-- Indexes for table `auth_permission`
--
ALTER TABLE `auth_permission`
  ADD PRIMARY KEY (`id`),
  ADD UNIQUE KEY `auth_permission_content_type_id_codename_01ab375a_uniq` (`content_type_id`,`codename`);

--
-- Indexes for table `auth_user`
--
ALTER TABLE `auth_user`
  ADD PRIMARY KEY (`id`),
  ADD UNIQUE KEY `username` (`username`);

--
-- Indexes for table `auth_user_groups`
--
ALTER TABLE `auth_user_groups`
  ADD PRIMARY KEY (`id`),
  ADD UNIQUE KEY `auth_user_groups_user_id_group_id_94350c0c_uniq` (`user_id`,`group_id`),
  ADD KEY `auth_user_groups_group_id_97559544_fk_auth_group_id` (`group_id`);

--
-- Indexes for table `auth_user_user_permissions`
--
ALTER TABLE `auth_user_user_permissions`
  ADD PRIMARY KEY (`id`),
  ADD UNIQUE KEY `auth_user_user_permissions_user_id_permission_id_14a6b632_uniq` (`user_id`,`permission_id`),
  ADD KEY `auth_user_user_permi_permission_id_1fbb5f2c_fk_auth_perm` (`permission_id`);

--
-- Indexes for table `course`
--
ALTER TABLE `course`
  ADD PRIMARY KEY (`id`);

--
-- Indexes for table `django_admin_log`
--
ALTER TABLE `django_admin_log`
  ADD PRIMARY KEY (`id`),
  ADD KEY `django_admin_log_content_type_id_c4bce8eb_fk_django_co` (`content_type_id`),
  ADD KEY `django_admin_log_user_id_c564eba6_fk_auth_user_id` (`user_id`);

--
-- Indexes for table `django_content_type`
--
ALTER TABLE `django_content_type`
  ADD PRIMARY KEY (`id`),
  ADD UNIQUE KEY `django_content_type_app_label_model_76bd3d3b_uniq` (`app_label`,`model`);

--
-- Indexes for table `django_migrations`
--
ALTER TABLE `django_migrations`
  ADD PRIMARY KEY (`id`);

--
-- Indexes for table `django_session`
--
ALTER TABLE `django_session`
  ADD PRIMARY KEY (`session_key`),
  ADD KEY `django_session_expire_date_a5c62663` (`expire_date`);

--
-- Indexes for table `likert`
--
ALTER TABLE `likert`
  ADD PRIMARY KEY (`id`),
  ADD KEY `user_id` (`user_id`);

--
-- Indexes for table `opinion`
--
ALTER TABLE `opinion`
  ADD PRIMARY KEY (`id`),
  ADD KEY `user_id` (`user_id`);

--
-- Indexes for table `survey`
--
ALTER TABLE `survey`
  ADD PRIMARY KEY (`id`),
  ADD KEY `user_id` (`user_id`);

--
-- Indexes for table `surveyquestions`
--
ALTER TABLE `surveyquestions`
  ADD PRIMARY KEY (`question_id`);

--
-- Indexes for table `user`
--
ALTER TABLE `user`
  ADD PRIMARY KEY (`id`);

--
-- AUTO_INCREMENT for dumped tables
--

--
-- AUTO_INCREMENT for table `auth_group`
--
ALTER TABLE `auth_group`
  MODIFY `id` int(11) NOT NULL AUTO_INCREMENT;

--
-- AUTO_INCREMENT for table `auth_group_permissions`
--
ALTER TABLE `auth_group_permissions`
  MODIFY `id` int(11) NOT NULL AUTO_INCREMENT;

--
-- AUTO_INCREMENT for table `auth_permission`
--
ALTER TABLE `auth_permission`
  MODIFY `id` int(11) NOT NULL AUTO_INCREMENT, AUTO_INCREMENT=89;

--
-- AUTO_INCREMENT for table `auth_user`
--
ALTER TABLE `auth_user`
  MODIFY `id` int(11) NOT NULL AUTO_INCREMENT, AUTO_INCREMENT=2;

--
-- AUTO_INCREMENT for table `auth_user_groups`
--
ALTER TABLE `auth_user_groups`
  MODIFY `id` int(11) NOT NULL AUTO_INCREMENT;

--
-- AUTO_INCREMENT for table `auth_user_user_permissions`
--
ALTER TABLE `auth_user_user_permissions`
  MODIFY `id` int(11) NOT NULL AUTO_INCREMENT;

--
-- AUTO_INCREMENT for table `course`
--
ALTER TABLE `course`
  MODIFY `id` int(11) NOT NULL AUTO_INCREMENT, AUTO_INCREMENT=4;

--
-- AUTO_INCREMENT for table `django_admin_log`
--
ALTER TABLE `django_admin_log`
  MODIFY `id` int(11) NOT NULL AUTO_INCREMENT;

--
-- AUTO_INCREMENT for table `django_content_type`
--
ALTER TABLE `django_content_type`
  MODIFY `id` int(11) NOT NULL AUTO_INCREMENT, AUTO_INCREMENT=23;

--
-- AUTO_INCREMENT for table `django_migrations`
--
ALTER TABLE `django_migrations`
  MODIFY `id` int(11) NOT NULL AUTO_INCREMENT, AUTO_INCREMENT=21;

--
-- AUTO_INCREMENT for table `likert`
--
ALTER TABLE `likert`
  MODIFY `id` int(11) NOT NULL AUTO_INCREMENT, AUTO_INCREMENT=141;

--
-- AUTO_INCREMENT for table `opinion`
--
ALTER TABLE `opinion`
  MODIFY `id` int(11) NOT NULL AUTO_INCREMENT;

--
-- AUTO_INCREMENT for table `survey`
--
ALTER TABLE `survey`
  MODIFY `id` int(11) NOT NULL AUTO_INCREMENT, AUTO_INCREMENT=142;

--
-- AUTO_INCREMENT for table `surveyquestions`
--
ALTER TABLE `surveyquestions`
  MODIFY `question_id` int(11) NOT NULL AUTO_INCREMENT, AUTO_INCREMENT=25;

--
-- AUTO_INCREMENT for table `user`
--
ALTER TABLE `user`
  MODIFY `id` int(11) NOT NULL AUTO_INCREMENT, AUTO_INCREMENT=151;

--
-- Constraints for dumped tables
--

--
-- Constraints for table `auth_group_permissions`
--
ALTER TABLE `auth_group_permissions`
  ADD CONSTRAINT `auth_group_permissio_permission_id_84c5c92e_fk_auth_perm` FOREIGN KEY (`permission_id`) REFERENCES `auth_permission` (`id`),
  ADD CONSTRAINT `auth_group_permissions_group_id_b120cbf9_fk_auth_group_id` FOREIGN KEY (`group_id`) REFERENCES `auth_group` (`id`);

--
-- Constraints for table `auth_permission`
--
ALTER TABLE `auth_permission`
  ADD CONSTRAINT `auth_permission_content_type_id_2f476e4b_fk_django_co` FOREIGN KEY (`content_type_id`) REFERENCES `django_content_type` (`id`);

--
-- Constraints for table `auth_user_groups`
--
ALTER TABLE `auth_user_groups`
  ADD CONSTRAINT `auth_user_groups_group_id_97559544_fk_auth_group_id` FOREIGN KEY (`group_id`) REFERENCES `auth_group` (`id`),
  ADD CONSTRAINT `auth_user_groups_user_id_6a12ed8b_fk_auth_user_id` FOREIGN KEY (`user_id`) REFERENCES `auth_user` (`id`);

--
-- Constraints for table `auth_user_user_permissions`
--
ALTER TABLE `auth_user_user_permissions`
  ADD CONSTRAINT `auth_user_user_permi_permission_id_1fbb5f2c_fk_auth_perm` FOREIGN KEY (`permission_id`) REFERENCES `auth_permission` (`id`),
  ADD CONSTRAINT `auth_user_user_permissions_user_id_a95ead1b_fk_auth_user_id` FOREIGN KEY (`user_id`) REFERENCES `auth_user` (`id`);

--
-- Constraints for table `django_admin_log`
--
ALTER TABLE `django_admin_log`
  ADD CONSTRAINT `django_admin_log_content_type_id_c4bce8eb_fk_django_co` FOREIGN KEY (`content_type_id`) REFERENCES `django_content_type` (`id`),
  ADD CONSTRAINT `django_admin_log_user_id_c564eba6_fk_auth_user_id` FOREIGN KEY (`user_id`) REFERENCES `auth_user` (`id`);

--
-- Constraints for table `likert`
--
ALTER TABLE `likert`
  ADD CONSTRAINT `likert_ibfk_1` FOREIGN KEY (`user_id`) REFERENCES `user` (`id`);

--
-- Constraints for table `opinion`
--
ALTER TABLE `opinion`
  ADD CONSTRAINT `opinion_ibfk_1` FOREIGN KEY (`user_id`) REFERENCES `user` (`id`);

--
-- Constraints for table `survey`
--
ALTER TABLE `survey`
  ADD CONSTRAINT `survey_ibfk_1` FOREIGN KEY (`user_id`) REFERENCES `user` (`id`);
COMMIT;

/*!40101 SET CHARACTER_SET_CLIENT=@OLD_CHARACTER_SET_CLIENT */;
/*!40101 SET CHARACTER_SET_RESULTS=@OLD_CHARACTER_SET_RESULTS */;
/*!40101 SET COLLATION_CONNECTION=@OLD_COLLATION_CONNECTION */;
